scrip,scrip_name
20MICRONS,20 MICRONS LIMITED
21STCENMGM,21ST CENTURY MGMT SERVICE
3IINFOTECH,3I INFOTECH LIMITED.
3MINDIA,3M INDIA LIMITED
3PLAND,3P LAND HOLDINGS LIMITED
5PAISA,5PAISA CAPITAL LIMITED
63MOONS,63 MOONS TECHNOLOGIES LIMITED
8KMILES,8K MILES SOFT SERV LIMITED
A2ZINFRA,A2Z INFRA ENGINEERING LIMITED
AARTIDRUGS,AARTI DRUGS LIMITED.
AARTIIND,AARTI INDUSTRIES LIMITED
AARVEEDEN,AARVEE DEN. & EXP. LIMITED
AARVI,AARVI ENCON LIMITED
AAVAS,AAVAS FINANCIERS LIMITED
ABAN,ABAN OFFSHORE LIMITED.
ABB,ABB INDIA LIMITED
ABBOTINDIA,ABBOTT INDIA LIMITED
ABCAPITAL,ADITYA BIRLA CAPITAL LIMITED.
ABFRL,ADITYA BIRLA FASHION & RT
ABGSHIP,ABG SHIPYARD LIMITED
ABHISHEK,ABHISHEK CORPORATION LIMITED
ABMINTLTD,ABM INTERNATIONAL LIMITED
ABSLBANETF,BIRLASLAMC - ABSLBANETF
ABSLNN50ET,BIRLASLAMC - ABSLNN50ET
ACC,ACC LIMITED
ACCELYA,ACCELYA SOLN INDIA LIMITED
ACE,ACTION CONST EQUIP LIMITED
ACELAB,A C E LABORATORIES LIMITED
ACROPETAL,ACROPETAL TECH LIMITED
ADANIENT,ADANI ENTERPRISES LIMITED
ADANIGAS,ADANI GAS LIMITED
ADANIGREEN,ADANI GREEN ENERGY LIMITED
ADANIPORTS,ADANI PORT & SEZ LIMITED
ADANIPOWER,ADANI POWER LIMITED
ADANITRANS,ADANI TRANSMISSION LIMITED
ADARSHCHEM,ADARSH CHEMICALS & FERT.
ADFFOODS,ADF FOODS LIMITED
ADHUNIK,ADHUNIK METALIKS LIMITED.
ADHUNIKIND,ADHUNIK INDUSTRIES LIMITED
ADITYASPIN,ADITYA SPINNERS LIMITED
ADORWELD,ADOR WELDING LIMITED
ADROITINFO,ADROIT INFOTECH LIMITED
ADSL,ALLIED DIGITAL SERV. LIMITED
ADVANIHOTR,ADVANI HOT.& RES.(I) LIMITED
ADVENZYMES,ADVANCED ENZYME TECH LIMITED
AEC,AEC (I) LIMITED.
AEGISCHEM,AEGIS LOGISTICS LIMITED
AFFLE,AFFLE (INDIA) LIMITED
AFTEK,AFTEK  LIMITED
AGARIND,AGARWAL INDS CORP LIMITED.
AGCNET,AGC NETWORKS LIMITED
AGLSL,ARTEM GLOBAL LIFE SC LIMITED
AGRIHATCH,AGRITECH HATCHERIED AND F
AGRITECH,AGRI-TECH (INDIA) LIMITED
AGRODUTCH,AGRO DUTCH INDUSTRIES LIMITED
AGROPHOS,AGRO PHOS INDIA LIMITED
AHLEAST,ASIAN HOTELS (EAST) LIMITED
AHLUCONT,AHLUWALIA CONT IND LIMITED
AHLWEST,ASIAN HOTELS (WEST) LIMITED
AIAENG,AIA ENGINEERING LIMITED
AICHAMP,AI CHAMPDANY INDS LIMITED
AIFL,ASHAPURA INTI FASHION LIMITED
AIMCOPEST,AIMCO PESTICIDES LIMITED.
AIONJSW,MONNET ISPAT & ENERGY LIMITED
AIRAN,AIRAN LIMITED
AJANTPHARM,AJANTA PHARMA LIMITED
AJMERA,AJMERA REALTY & INF I LIMITED
AKAIMPEX,AKAI IMPEX LIMITED.
AKARLAMIN,AKAR LAMINATORS LIMITED
AKASH,AKASH INFRA-PROJECTS LIMITED
AKGACOUST,AKG ACOUSTICS (I) LIMITED.
AKSHARCHEM,AKSHARCHEM INDIA LIMITED
AKSHOPTFBR,AKSH OPTIFIBRE LIMITED
AKZOINDIA,AKZO NOBEL INDIA LIMITED
ALANKIT,ALANKIT LIMITED
ALBERTDAVD,ALBERT DAVID LIMITED
ALBK,ALLAHABAD BANK
ALBRMORARJ,ALBRIGHT & WILSON CHE LIMITED
ALCHEM,ALCHEMIST LIMITED
ALEMBICLTD,ALEMBIC LIMITED
ALFREDHERB,ALFRED HERBERT (I) LIMITED
ALIANCREDT,ALLIANCE CREDIT & INVEST
ALICON,ALICON CASTALLOY LIMITED
ALKALI,ALKALI METALS LIMITED
ALKEM,ALKEM LABORATORIES LIMITED.
ALKYLAMINE,ALKYL AMINES CHEM. LIMITED
ALLCARGO,ALLCARGO LOGISTICS LIMITED
ALLSEC,ALLSEC TECHNOLOGIES LIMITED
ALMONDZ,ALMONDZ GLOBAL SEC LIMITED
ALOKINDS,ALOK INDUSTRIES LIMITED
ALOKTEXT,ALOK INDUSTRIES LIMITED
ALPA,ALPA LABORATORIES LIMITED
ALPHADRUG,ALPHA DRUG (I) LIMITED
ALPHAGEO,ALPHAGEO (INDIA) LIMITED
ALPINEIND,ALPINE INDUSTRIES LIMITED
ALPSINDUS,ALPS INDUSTRIES LIMITED
ALSAMARINE,ALSA MARINE AND HARVESTS
ALTOS,ALTOS (I) LIMITED
AMAR,AMAR REMEDIES LIMITED.
AMARAJABAT,AMARA RAJA BATTERIES LIMITED.
AMARDYCHEM,AMAR DYECHEM LIMITED.
AMBASARABH,AMBALAL SARABHAI ENTERP.
AMBER,AMBER ENTERPRISES (I) LIMITED
AMBICAAGAR,AMBICA AGAR & AROMAINDLTD
AMBIKCO,AMBIKA COTTON MILL LIMITED.
AMBUJACEM,AMBUJA CEMENTS LIMITED
AMBUJELCST,AMBUJA ELECTROCASTING LIMITED
AMDIND,AMD INDUSTRIES LIMITED
AMFORGEIND,AMFORGE INDUSTRIES LIMITED
AMJLAND,AMJ LAND HOLDINGS LIMITED
AMRUTANJAN,AMRUTAJAN HEALTH LIMITED
AMRUTIND,AMRUT INDUSTRIES LIMITED
AMTEKAUTO,AMTEK AUTO LIMITED.
ANANTRAJ,ANANT RAJ LIMITED
ANDHRABANK,ANDHRA BANK
ANDHRACEMT,ANDHRA CEMENTS LIMITED
ANDHRAPAP,ANDHRA PAPER LIMITED
ANDHRAPET,ANDHRA PETROCHEMICALS LIMITED
ANDHRSUGAR,ANDHRA SUGARS LIMITED
ANDREWYULE,ANDREW YULE & CO. LIMITED
ANGIND,ANG INDUSTRIES LIMITED
ANIKINDS,ANIK INDUSTRIES LIMITED
ANKITMETAL,ANKIT MET & POW LIMITED
ANSALAPI,ANSAL PROP & INFRA LIMITED
ANSALHSG,ANSAL HOUSING LIMITED
ANTFRIBEAR,ANTIFRICTION BEARING CORP
ANTGRAPHIC,ANTARCTICA LIMITED
ANUP,THE ANUP ENGINEERING LIMITED
APARINDS,APAR INDUSTRIES LIMITED.
APCL,ANJANI PORTLAND CEM LIMITED
APCOTEXIND,APCOTEX INDUSTRIES LIMITE
APEX,APEX FROZEN FOODS LIMITED
APLAPOLLO,APL APOLLO TUBES LIMITED
APLLTD,ALEMBIC PHARMA LIMITED
APOLLO,APOLLO MICRO SYSTEMS LIMITED
APOLLOHOSP,APOLLO HOSPITALS ENTER. L
APOLLOPIPE,APOLLO PIPES LIMITED
APOLLOTUBE,APOLLO TUBES LIMITED.
APOLLOTYRE,APOLLO TYRES LIMITED
APOLSINHOT,APOLLO SINDOORI HOTEL LIMITED
APPLECREDT,APPLE CREDIT CORPORATION
APPLEIND,APPLE FINANCE LIMITED
APTECHT,APTECH LIMITED
AQUA,AQUA LOGISTICS LIMITED
ARAVALISEC,ARAVALI SECURITIES AND FI
ARCHIDPLY,ARCHIDPLY IND. LIMITED
ARCHIES,ARCHIES LIMITED
ARCOTECH,ARCOTECH LIMITED
ARENTERP,RAJDARSHAN INDUSTRIES LIMITED
ARIES,ARIES AGRO LIMITED.
ARIHANT,ARIHANT FOUN & HOU LIMITED
ARIHANTSUP,ARIHANT SUPERSTRUCT LIMITED
ARMANFIN,ARMAN FIN SERV LIMITED
AROGRANITE,ARO GRANITE IND. LIMITED.
ARROWGREEN,ARROW GREENTECH LIMITED
ARROWTEX,ARROW TEXTILES LIMITED
ARSHIYA,ARSHIYA LIMITED
ARSSINFRA,ARSS INFRA PROJ. LIMITED
ARTEMISMED,ARTEMIS MED SERVICE LIMITED
ARTSONENGG,ARTSON ENGINEERING LIMITED
ARUNASUGAR,ARUNA SUGARS AND ENTERP.
ARVIND,ARVIND LIMITED
ARVINDF-RE,ARVIND FASHIONS RE
ARVINDFASN,ARVIND FASHIONS LIMITED
ARVINDREM,ARVIND REMEDIES LIMITED
ARVSMART,ARVIND SMARTSPACES LIMITED
ARYAFINFAB,ARYAN FINEFAB LIMITED
ASAHIINDIA,ASAHI INDIA GLASS LIMITED
ASAHISONG,ASAHI SONGWON COLOR LIMITED
ASAL,AUTOMOTIVE STAMPINGS & AS
ASALCBR,ASSO ALCOHOLS & BREW LIMITED
ASHAPURMIN,ASHAPURA MINECHEM LIMITED
ASHIANA,ASHIANA HOUSING LIMITED
ASHIMASYN,ASHIMA LIMITED
ASHOKA,ASHOKA BUILDCON LIMITED
ASHOKALCO,ASHOK ALCO-CHEM LIMITED
ASHOKLEY,ASHOK LEYLAND LIMITED
ASHOKORG,ASHOK ORGANIC INDUS. LIMITED.
ASIANALLOY,ASIAN ALLOYS LIMITED
ASIANCONSO,ASIAN CONSOLIDATED INDUST
ASIANELEC,ASIAN ELECTRONICS LIMITED
ASIANHOTNR,ASIAN HOTELS (NORTH) LIMITED
ASIANPAINT,ASIAN PAINTS LIMITED
ASIANTILES,ASIAN GRANITO IND. LIMITED.
ASIL,AMIT SPINNING IND. LIMITED
ASILIND,ASIL INDUSTRIES LIMITED.
ASOCALCHOL,ASSOCIATED ALCOHOL & BREW
ASOCSTONE,ASSOCIATED STONE INDUS. L
ASPINWALL,ASPINWALL & CO LIMITED
ASSAMCO,ASSAM COMPANY INDIA LIMITED
ASSAMFRONT,AFT INDUSTRIES LIMITED
ASTEC,ASTEC LIFESCIENCES LIMITED
ASTERDM,ASTER DM HEALTHCARE LIMITED.
ASTRAL,ASTRAL POLY TECH LIMITED
ASTRAMICRO,ASTRA MICROWAVE LIMITED
ASTRAZEN,ASTRAZENECA PHARMA IND LT
ASTRON,ASTRON PAPER BORD MIL LIMITED
ATASHIND,ATASH INDUSTRIES LIMITED
ATCOM,ATCOM TECHNOLOGIES LIMITED
ATFL,AGRO TECH FOODS LIMITED
ATLANTA,ATLANTA LIMITED
ATLANTSPG,ATLANTIC SPG & WVG MILLS
ATLASCOPCO,ATLAS COPCO INDIA LIMITED
ATLASCYCLE,ATLAS CYCLE (HARYANA) LIMITED
ATNINTER,ATN INTERNATIONAL LIMITED
ATUL,ATUL LIMITED
ATULAUTO,ATUL AUTO LIMITED
ATVPETRO,SVC SUPERCHEM LIMITED
ATVPROJ,ATV PROJECTS INDIA LIMITED
AUBANK,AU SMALL FINANCE BANK LIMITED
AURANPAPER,AURANGABAD PAPER MILLS LT
AURIONPRO,AURIONPRO SOLN LIMITED
AUROPHARMA,AUROBINDO PHARMA LIMITED
AUSOMENT,AUSOM ENTERPRISE LIMITED
AUSTRAL,AUSTRAL COKE & PRO LIMITED
AUTOAXLES,AUTOMOTIVE AXLES LIMITED
AUTOCORP,AUTOMOBILE CORP OF GOA LT
AUTOIND,AUTOLINE INDUSTRIES LIMITED
AUTOLEC,AUTOLEC INDUSTRIES  LIMITED
AUTOLITIND,AUTOLITE (INDIA) LIMITED
AUTOPALIND,AUTOPAL INDUSTRIES LIMITED
AUTORIDFIN,AUTORIDERS FINANCE LIMITED
AVADHSUGAR,AVADH SUG & ENERGY LIMITED
AVANTIFEED,AVANTI FEEDS LIMITED
AVERY,AVERY  (I)  LIMITED
AVONIND,AVON INDUSTRIES LIMITED
AVTNPL,AVT NATURAL PRODUCTS LIMITED
AXISBANK,AXIS BANK LIMITED
AXISCADES,AXISCADES ENGG TECH LIMITED
AXISGOLD,AXIS MF - AXIS GOLD ETF
AXISNIFTY,AXISAMC - AXISNIFTY
AYMSYNTEX,AYM SYNTEX LIMITED
BAFNAPH,BAFNA PHARMACEUTICALS LIMITED
BAFNAPHARM,BAFNA PHARMACEUTICALS L
BAGFILMS,B.A.G FILMS AND MEDIA LIMITED
BAGWATIGAS,BHAGWATI GASES LIMITED.
BAJAJ-AUTO,BAJAJ AUTO LIMITED
BAJAJCON,BAJAJ CONSUMER CARE LIMITED
BAJAJELEC,BAJAJ ELECT.LTD
BAJAJFINSV,BAJAJ FINSERV LIMITED.
BAJAJHIND,BAJAJ HINDUSTHAN SUGAR LT
BAJAJHLDNG,BAJAJ HOLDINGS & INVS LIMITED
BAJAJTEMPO,BAJAJ TEMPO LIMITED
BAJFINANCE,BAJAJ FINANCE LIMITED
BAKELHYLAM,BAKELITE HYLAM LIMITED.
BALAJHOTEL,BALAJI HOTELS & ENTER. LT
BALAJIDIST,BALAJI DISTILLERIES LIMITED
BALAJIIND,BALAJI INDUSTRIAL CORP. L
BALAJITELE,BALAJI TELEFILMS LIMITED.
BALAMINES,BALAJI AMINES LIMITED
BALAXI,BALAXI VENTURES LIMITED
BALKRISHNA,BALKRISHNA PAPER MILLS L
BALKRISIND,BALKRISHNA IND. LIMITED
BALLARPUR,BALLARPUR INDUSTRIES LIMITED
BALMLAWRIE,BALMER LAWRIE & CO LIMITED
BALPHARMA,BAL PHARMA LIMITED.
BALRAMCHIN,BALRAMPUR CHINI MILLS LIMITED
BALURTRANS,BALURGHAT TECHNOLOGIES LT
BANARBEADS,BANARAS BEADS LIMITED
BANARISUG,BANNARI AMMAN SUGARS LIMITED
BANCOINDIA,BANCO PRODUCTS (I) LIMITED
BANCOPROD,BANCO PRODUCTS (I) LIMITED.
BANDHANBNK,BANDHAN BANK LIMITED
BANG,BANG OVERSEAS LIMITED.
BANKBARODA,BANK OF BARODA
BANKBEES,NIPPONINDIA ETF BANK BEES
BANKBENAV,BANK BEES NAV
BANKINDIA,BANK OF INDIA
BANSWRAS,BANSWARA SYNTEX LIMITED
BARODARAYN,BARODA RAYON CO LIMITED
BARTRONICS,BARTRONICS INDIA LIMITED
BASF,BASF INDIA LIMITED
BASML,BANNARI AM SPIN MILL LIMITED.
BATAINDIA,BATA INDIA LIMITED
BAUSCHLOMB,RAYBAN SUN OPTICS IND LIMITED
BAYERCROP,BAYER CROPSCIENCE LIMITED
BBL,BHARAT BIJLEE LIMITED
BBTC,BOMBAY BURMAH TRADING COR
BCG,BRIGHTCOM GROUP LIMITED
BCP,B.C. POWER CONTROLS LIMITED
BDL,BHARAT DYNAMICS LIMITED
BEARDSELL,BEARDSELL LIMITED
BECREL,BEST & CROMPTON ENGG LIMITED
BEDMUTHA,BEDMUTHA INDUST LIMITED
BEL,BHARAT ELECTRONICS LIMITED
BELCONTROL,BELLS CONTROLS LIMITED.
BELLARYSTL,BELLARY STEELS AND ALLOYS
BEML,BEML LIMITED
BEPL,BHANSALI ENG. POLYMERS LT
BERGEPAINT,BERGER PAINTS (I) LIMITED
BESTAVISON,BESTA VISION ELECTRONICS
BESTCROMP,BEST & CROMPTON LIMITED.
BETANAPTOL,BETA NAPHTHOL LIMITED
BFINVEST,BF INVESTMENT LIMITED
BFUTILITIE,BF UTILITIES LIMITED
BGLOBAL,BHARATIYA GLOBAL INFO LIMITED
BGRENERGY,BGR ENERGY SYSTEMS LIMITED
BHAGERIA,BHAGERIA INDUSTRIES LIMITED
BHAGYANGR,BHAGYANAGAR INDIA LIMITED
BHAGYAPROP,BHAGYANAGAR PRO LIMITED
BHANDARI,BHANDARI HOSIERY EXP LIMITED
BHARATFIN,BHARAT FIN INCLUSION LIMITED
BHARATFORG,BHARAT FORGE LIMITED
BHARATGEAR,BHARAT GEARS LIMITED.
BHARATHOT,BHARAT HOTELS LIMITED
BHARATIDIL,BHARATI DEF & INFRA LIMITED
BHARATRAS,BHARAT RASAYAN LIMITED
BHARATWIRE,BHARAT WIRE ROPES LIMITED.
BHARTIARTL,BHARTI AIRTEL LIMITED
BHEL,BHEL
BHUPENCAP,BHUPENDRA CAP & FINANCE
BIGBLOC,BIGBLOC CONSTRUCTION LIMITED
BIHARALLOY,UMI SPECIAL STEEL LIMITED
BIHARCAUST,BIHAR CAUSTICS AND CHEM.
BIHARSPONG,BIHAR SPONGE IRON LIMITED.
BIL,BHARTIYA INTERNATIONAL
BILENERGY,BIL ENERGY SYSTEMS LIMITED
BILPOWER,BILPOWER LIMITED
BIMETBRG,BIMETAL BEARINGS LIMITED
BINANIIND,BINANI INDUSTRIES LIMITED
BINDALAGRO,OSWAL CHEM. & FERT. LIMITED.
BIOCON,BIOCON LIMITED.
BIOFILCHEM,BIOFIL CHEM & PHARMA LIMITED
BIRLACABLE,BIRLA CABLE LIMITED
BIRLACORPN,BIRLA CORPORATION LIMITED
BIRLAMONEY,ADITYA BIRLA MONEY LIMITED
BIRLAPOWER,BIRLA POWER SOL. LIMITED
BIRLATYRE,BIRLA TYRES LIMITED
BIRLAYAMAH,BIRLA YAMAHA LIMITED
BKMINDST,BKM INDUSTRIES LIMITED
BLBLIMITED,BLB LIMITED
BLISSGVS,BLISS GVS PHARMA LIMITED
BLKASHYAP,B.L.KASHYAP & SON LIMITED
BLS,BLS INTL SERVS LIMITED
BLUEBLENDS,BLUE BLENDS (I) LIMITED
BLUECHIP,BLUE CHIP INDIA LIMITED
BLUECOAST,BLUE COAST HOTELS LIMITED
BLUEDART,BLUE DART EXPRESS LIMITED
BLUESTARCO,BLUE STAR LIMITED
BODALCHEM,BODAL CHEMICALS LIMITED
BOMDYEING,BOMBAY DYEING & MFG. CO L
BOROGLASS,BOROSIL GLASS WORKS LIMITED.
BORORENEW,BOROSIL RENEWABLES LIMITED
BOSCHLTD,BOSCH LIMITED
BPCL,BHARAT PETROLEUM CORP  LT
BPL,BPL LIMITED
BRANDHOUSE,BRANDHOUSE RETAILS LIMITED
BRFL,BOMBAY RAYON FASHIONS LIMITED
BRIGADE,BRIGADE ENTER. LIMITED
BRIGHTBROS,BRIGHT BROTHERS LIMITED
BRITANNIA,BRITANNIA INDUSTRIES LIMITED
BRITEAUTO,BRITE AUTOMOTIVE & PLAST
BRNL,BHARAT ROAD NETWORK LIMITED
BROADCAST,BROADCAST INITIAT LIMITED
BROOKS,BROOKS LAB LIMITED
BSE,BSE LIMITED
BSELINFRA,BSEL INFRASTRUCTURE REALT
BSI,BSI LIMITED.
BSL,BSL LIMITED
BSLGOLDETF,ADITYBIRLA SL GOLD ETF-GR
BSLIMITED,BS LIMITED
BSLNIFTY,ADITYBIRLA SL NIF ETF-GR
BSOFT,BIRLASOFT LIMITED
BTWIND,BTW INDUSTRIES LIMITED
BURNPUR,BURNPUR CEMENT LIMITED.
BURRBROWN,BURR BROWN (I) LIMITED
BURRWELCOM,BURROUGHS WELLCOME (INDIA
BUTTERFLY,BTRFLY GANDHI APPL LIMITED
BUWALKASTL,BHUWALKA STEEL INDUS. LIMITED
BVCL,BARAK VALLEY CEM. LIMITED.
BYKE,THE BYKE HOSPITALITY LIMITED
CABOTINDIA,CABOT INDIA LIMITED
CADBURY,CADBURY INDIA LIMITED
CADILAHC,CADILA HEALTHCARE LIMITED
CALSOFT,CALIFORNIA SOFTWARE CO LT
CAMLINFINE,CAMLIN FINE SCIENCES LIMITED
CAMPALLIED,CAMPHOR AND ALLIED PRODUC
CANBK,CANARA BANK
CANDC,C&C CONST. LIMITED.
CANFINHOME,CAN FIN HOMES LIMITED
CANTABIL,CANTABIL RETAIL LIMITED
CAPACITE,CAPACITE INFRAPROJECT LIMITED
CAPF,CAPITAL FIRST LIMITED
CAPLIPOINT,CAPLIN POINT LAB LIMITED.
CAPRIHANS,CAPRIHANS INDIA LIMITED
CAPTRUST,CAPITAL TRUST LIMITED
CARBORUNIV,CARBORUNDUM UNIVERSAL LIMITED
CAREERP,CAREER POINT LIMITED
CARERATING,CARE RATINGS LIMITED
CARRIERAIR,CARRIER AIRCON LIMITED
CASTEXTECH,CASTEX TECHNOLOGIES LIMITED.
CASTROLIND,CASTROL INDIA LIMITED
CCCL,CONS. CONST. CONSORT LIMITED
CCHHL,COUNTRY CLUB HOSP HOL LIMITED
CCI,CABLE CORPN. OF INDIA LIMITED
CCL,CCL PRODUCTS (I) LIMITED
CDSL,CENTRAL DEPO SER (I) LIMITED
CEATLTD,CEAT LIMITED
CEBBCO,COMMERCIAL ENG & CO. LIMITED
CEENIKEXPO,CEENIK EXPORTS (I) LIMITED
CELEBRITY,CELEBRITY FASHIONS LIMITED
CELESTE,CELESTE INTERNATIONAL LIMITED
CELESTIAL,CELESTIAL BIOLABS LIMITED
CENTAKCHEM,CENTAK CHEMICALS LIMITED
CENTENKA,CENTURY ENKA LIMITED
CENTEXT,CENTURY EXTRUSIONS LIMITED
CENTRALBK,CENTRAL BANK OF INDIA
CENTRLROAD,CENTRAL  ROADLINES CORPN
CENTRUM,CENTRUM CAPITAL LIMITED
CENTUM,CENTUM ELECTRONICS LIMITED
CENTURYPLY,CENTURY PLYBOARDS (I) LIMITED
CENTURYTEX,CENTURY TEXTILES LIMITED
CERA,CERA SANITARYWARE LIMITED
CEREBRAINT,CEREBRA INT TECH LIMITED
CESC,CESC LIMITED
CESCVENT,CESC VENTURES LIMITED
CGCL,CAPRI GLOBAL CAPITAL LIMITED
CGGLASS,CG GLASS LIMITED
CGPOWER,CG POWER AND IND SOL LIMITED
CHALET,CHALET HOTELS LIMITED
CHAMBLFERT,CHAMBAL FERTILIZERS LIMITED
CHEMBOND,CHEMBOND CHEMICALS LIMITED
CHEMFAB,CHEMFAB ALKALIS LIMITED
CHEMOXSEC,CHEMOX SECURITIES LIMITED
CHENNPETRO,CHENNAI PETROLEUM CORP LT
CHETNADCEM,CHETTINAD CEMENT LIMITED
CHOKAINTL,CHOKHANI INTERNATIONAL LT
CHOKSITUBE,CHOKSI TUBE CO. LIMITED
CHOLAFIN,CHOLAMANDALAM IN & FIN CO
CHOLAHLDNG,CHOLAMANDALAM FIN HOL LIMITED
CHOWGULSTM,CHOWGULE STEAMSHIPS LIMITED
CHROMATIC,CHROMATIC INDIA LIMITED
CIBASPEC,CIBA SPECIALITY CHEM LIMITED
CIGNITITEC,CIGNITI TECHNOLOGIES LIMITED
CIMCOBIRLA,CIMMCO BIRLA LIMITED
CIMMCO,CIMMCO LIMITED
CINELINE,CINELINE INDIA LIMITED
CINEVISTA,CINEVISTA LIMITED
CIPLA,CIPLA LIMITED
CITURGIBIO,CITURGIA BIOCHEMICALS LIMITED
CKFSL,COX & KINGS FIN SERV LIMITED
CLASSIC,CLASSIC DIAMONDS (I) LIMITED
CLEDUCATE,CL EDUCATE LIMITED
CLIFCO,COIMBATORE LAKSHMI INVEST
CLNINDIA,CLARIANT CHEMICALS (INDIA
CLUTCHAUTO,CLUTCH AUTO LIMITED
CMAHENDRA,C.MAHENDRA EXPORTS LIMITED
CMICABLES,CMI LIMITED
CNOVAPETRO,CIL NOVA PETROCHEM LIMITED
COALINDIA,COAL INDIA LIMITED
COCHINSHIP,COCHIN SHIPYARD LIMITED
COFFEEDAY,COFFEE DAY ENTERPRISE LIMITED
COLPAL,COLGATE PALMOLIVE LIMITED.
COMPACDISC,COMPACT DISC LIMITED
COMPINFO,COMPUAGE INFOCOM LIMITED
COMPUSOFT,COMPUCOM SOFTWARE LIMITED
CONCOR,CONTAINER CORP OF IND LIMITED
CONFIPET,CONFIDENCE PETRO IND LIMITED.
CONSOFINVT,CONSO. FIN. & HOLD. LIMITED.
CONTNLCONS,CONTINENTAL CONSTRUCTIONS
CONTROLPR,CONTROL PRINT LIMITED
CORALFINAC,CORAL INDIA FIN & HOUS LT
CORDSCABLE,CORDS CABLE INDUS LIMITED.
COREEDUTEC,CORE EDUCATION & TECH LIMITED
COROMANDEL,COROMANDEL INTERNTL. LIMITED
CORPBANK,CORPORATION BANK
COSMOFILMS,COSMO FILMS LIMITED
COUNCODOS,COUNTRY CONDO'S LIMITED
COX&KINGS,COX & KINGS LIMITED
CPSEETF,CPSE ETF
CPSEETFNAV,CPSE ETF NAV
CRANESSOFT,CRANES SOFTWARE INTL LIMITED
CREATIVE,CREATIVE PERI & DIST LIMITED.
CREATIVEYE,CREATIVE EYE LIMITED
CREDITACC,CREDITACCESS GRAMEEN LIMITED
CREST,CREST VENTURES LIMITED
CRESTANI,CREST ANIMATION STUDIOS L
CRISIL,CRISIL LIMITED
CRMFGETF,CAN ROBECO - GOLD ETF
CROMPTON,CROMPT GREA CON ELEC LIMITED
CSBBANK,CSB BANK LIMITED
CTCOTTON,CT COTTON YARN LIMITED
CTE,CAMBRIDGE TECH ENTER LIMITED
CUB,CITY UNION BANK LIMITED
CUBEXTUB,CUBEX TUBINGS LIMITED
CUMMINSIND,CUMMINS INDIA LIMITED
CUPID,CUPID LIMITED
CURATECH,CURA TECHNOLOGIES LIMITED
CYBERMEDIA,CYBER MEDIA (INDIA) LIMITED.
CYBERTECH,CYBERTECH SYSTEMS & SOFTW
CYIENT,CYIENT LIMITED
DAAWAT,LT FOODS LIMITED
DABUR,DABUR INDIA LIMITED
DAGERFORST,DAGGER-FORST TOOLS LIMITED
DAICHIKARK,DAI ICHI KARKARIA LIMITED
DALALSTCOM,DSJ COMMUNICATIONS LIMITED
DALBHARAT,DALMIA BHARAT LIMITED
DALMIABHA,DALMIA BHARAT LIMITED
DALMIASUG,DALMIA BHARAT SUG IN LIMITED
DAMANIAAIR,SKYLINE NEPC LIMITED.
DAMODARIND,DAMODAR INDUSTRIES LIMITED
DATAMATICS,DATAMATICS GLOBAL SER LIMITED
DATAPROINF,DATAPRO INFORMATION TECHN
DATARSWICH,DATAR SWITCHGEAR LIMITED.
DAURALAORG,DAURALA ORGANICS LIMITED
DBCORP,D.B.CORP LIMITED
DBL,DILIP BUILDCON LIMITED
DBREALTY,D B REALTY LIMITED
DBSTOCKBRO,DB (INT) STOCK BROKERS
DCAL,DISHMAN CARBO AMCIS LIMITED
DCBBANK,DCB BANK LIMITED
DCM,DCM LIMITED
DCMDAEWOO,DCM DAEWOO MOTORS LIMITED
DCMFINSERV,DCM FINANCIAL SERVICES LT
DCMNVL,DCM NOUVELLE LIMITED
DCMSHRIRAM,DCM SHRIRAM LIMITED
DCMSRMIND,DCM SHRIRAM INDUSTRIES LT
DCW,DCW LIMITED
DECANGRAN,DECCAN GRANITES LIMITED
DECCANCE,DECCAN CEMENTS LIMITED
DECOLIGHT,DECOLIGHT CERAMICS LIMITED.
DEEPAKFERT,DEEPAK FERTILIZERS & PETR
DEEPAKNITR,DEEPAK NITRITE LIMITED
DEEPAKNTR,DEEPAK NITRITE LIMITED
DEEPAKSPIN,DEEPAK SPINNERS LIMITED
DEEPHARMA,DEE-PHARMA LIMITED
DEEPIND,DEEP INDUSTRIES LIMITED
DELTACORP,DELTA CORP LIMITED
DELTAMAGNT,DELTA MANUFACTURING LIMITED
DEN,DEN NETWORKS LIMITED
DENABANK,DENA BANK
DENMURFAX,DENMUR FAX ROLL LIMITED
DENORA,DE NORA INDIA LIMITED
DEWANRUB,DEWAN RUBBER LIMITED
DEWANSTEEL,DEWAN STEELS LIMITED
DEWANTYRE,DEWAN TYRE LIMITED
DFMFOODS,DFM FOODS LIMITED
DGCONTENT,DIGICONTENT LIMITED
DHAMPURSUG,DHAMPUR SUGAR MILLS LIMITED.
DHANBANK,DHANLAXMI BANK LIMITED
DHANUKA,DHANUKA AGRITECH LIMITED
DHARAMORAR,DHARAMSI MORARJI CHEMICAL
DHARNENIND,DHARNENDRA INDUSTRIES LIMITED
DHARSUGAR,DHARANI SUGARS & CHEMICAL
DHFL,DEWAN HOUSING FIN CORP LT
DHUNINV,DHUNSERI INVESTMENTS LIMITED
DIAMONDYD,PRATAAP SNACKS LIMITED
DIAPOWER,DIAMOND POWER INFRA LIMITED
DICIND,DIC INDIA LIMITED
DIGISPICE,DIGISPICE TECHNOLOGIES LT
DIGJAMLTD,DIGJAM LIMITED
DISHTV,DISH TV INDIA LIMITED.
DIVISLAB,DIVI'S LABORATORIES LIMITED
DIXON,DIXON TECHNO (INDIA) LIMITED
DLF,DLF LIMITED
DLINKINDIA,D-LINK INDIA LIMITED
DMART,AVENUE SUPERMARTS LIMITED
DNAMEDIA,DILIGENT MEDIA CORP LIMITED.
DOLAT,DOLAT INVESTMENTS LIMITED
DOLATINVES,DOLAT INVESTMENTS LIMITED
DOLLAR,DOLLAR INDUSTRIES LIMITED
DOLPHINOFF,DOLPHIN OFF. ENT IND LIMITED.
DONEAR,DONEAR IND. LIMITED
DOONVALLEY,DOON VALLEY RICE LIMITED
DPSCLTD,DPSC LIMITED
DPWIRES,D P WIRES LIMITED
DQE,DQ ENTERTAINMENT INT LIMITED
DRBECK,SCHENECTADY-BECK INDIA LT
DRDATSONS,DR. DATSONS LABS LIMITED
DREDGECORP,DREDGING CORP OF INDIA
DRREDDY,DR. REDDY'S LABORATORIES
DSKULKARNI,D S KULKARNI DEVELOPERS L
DSSL,DYNACONS SYS & SOLN LIMITED
DTIL,DHUNSERI TEA & IND. LIMITED.
DUCON,DUCON INFRATECHNOLOGIES L
DUNCANSIND,DUNCANS INDUSTRIES LIMITED
DUNCANSLTD,DUNCANS INDUSTRIES LIMITED
DUNLOP,DUNLOP (I) LIMITED
DVL,DHUNSERI VENTURES LIMITED
DWARKESH,DWARIKESH SUGAR IND LIMITED
DYNAMATECH,DYNAMATIC TECHNOLOGIES
DYNAPHARMA,DYNACHEM PHARMA (EXPORTS)
DYNPRO,DYNEMIC PRODUCTS LIMITED
EARNHEALTH,EARNEST HEALTHCARE LIMITED
EASTMINING,EASTERN MINING & ALL. LIMITED
EASTOVERSE,EASTERN OVERSEAS LIMITED
EASTSILK,EASTERN SILK INDUSTRIES L
EASTSUGIND,EASTERN SUG & INDS LIMITED
EASUNREYRL,EASUN REYROLLE LIMITED
EBANK,EDELWEISS ETF-NIFTY BANK
EBBETF0423,EDELAMC - EBBETF0423
EBBETF0430,EDELAMC - EBBETF0430
EBIXFOREX,EBIXCASH WRLD MONEY IND
ECEIND,ECE INDUSTRIES LIMITED.
ECLERX,ECLERX SERVICES LIMITED
EDELWEISS,EDELWEISS FIN SERV LIMITED
EDL,EMPEE DISTI. LIMITED.
EDSERV,EDSERV SOFTSYSTEMS LIMITED
EDUCOMP,EDUCOMP SOLUTIONS LIMITED
EICHERMOT,EICHER MOTORS LIMITED
EIDPARRY,EID PARRY INDIA LIMITED
EIHAHOTELS,EIH ASSOCIATED HOTELS LIMITED
EIHOTEL,EIH LIMITED
EIMCOELECO,EIMCO ELECON (INDIA) LIMITED
EKC,EVEREST KANTO CYLINDERLTD
ELAND,E-LAND APPAREL LIMITED
ELBEE,ELBEE SERVICES LIMITED
ELDERPHARM,ELDER PHARMACEUTICALS LIMITED
ELECON,ELECON ENG. CO. LIMITED
ELECONENGG,ELECON ENGINEERING CO LIMITED
ELECTCAST,ELECTROSTEEL CASTINGS LIMITED
ELECTHERM,ELECTROTHERM (I) LIMITED.
ELECTRA,ELECTRA (I) LIMITED
ELECTROSL,ELECTROSTEEL STEELS LIMITED
ELECTRX,ELECTREX (I) LIMITED
ELGIEQUIP,ELGI EQUIPMENTS LIMITED
ELGIRUBCO,ELGI RUBBER CO. LIMITED
ELNET,ELNET TECH. LIMITED
ELPROINTL,ELPRO INTERNATIONAL LIMITED
EMAMILTD,EMAMI LIMITED
EMAMIPAP,EMAMI PAPER MILLS LIMITED
EMAMIREAL,EMAMI REALTY LIMITED
EMCO,EMCO LIMITED
EMCOTRANS,EMCO LIMITED.
EMKAY,EMKAY GLOBAL FIN SERV LIMITED
EMMBI,EMMBI INDUSTRIES LIMITED
EMPEESUG,EMPEE SUGAR AND CHEM LIMITED
EMPEESUGAR,EMPEE SUGARS AND CHEMICAL
EMTEXIND,EMTEX INDUSTRIES (INDIA)
ENARAIFIN,ENARAI FINANCE LIMITED
ENDURANCE,ENDURANCE TECHNO. LIMITED.
ENERGYDEV,ENERGY DEVE. CO.LTD
ENGINERSIN,ENGINEERS INDIA LIMITED
ENIL,ENTERTAIN NET. IND. LIMITED.
ENOREFONRY,ENNORE FOUNDRIES LIMITED
ENTEGRA,ENTEGRA LIMITED
EON,EON ELECTRIC LIMITED
EQ30,EDEL ETF NIFTY 100 QUAL30
EQUITAS,EQUITAS HOLDINGS LIMITED
ERAINFRA,ERA INFRA ENGINEERING LIMITED
ERIS,ERIS LIFESCIENCES LIMITED
EROSMEDIA,EROS INTL MEDIA LIMITED
ESABINDIA,ESAB INDIA LIMITED
ESCORTS,ESCORTS INDIA LIMITED
ESCORTSFIN,ESCORTS FINANCE LIMITED
ESL,ELECTROSTEEL STEELS LIMITED
ESSARPORTS,ESSAR PORTS LIMITED
ESSARSHPNG,ESSAR SHIPPING LIMITED
ESSDEE,ESS DEE ALUM LIMITED
ESSELPACK,ESSEL PROPACK LIMITED
ESTCSTSTEL,EAST COAST STEEL LIMITED
ESTER,ESTER INDUSTRIES LIMITED
ESTERIND,ESTER INDUSTRIES LIMITED
ESTWSTRAV,EAST WEST TRAVEL & TRADE
EUPHARMLAB,EUPHARMA LABS LIMITED
EUROCERA,EURO CERAMICS LIMITED
EUROMULTI,EURO MULTIVISION LIMITED
EUROTEXIND,EUROTEX INDUSTRIES LIMITED
EVEREADY,EVEREADY INDS. IND.  LIMITED.
EVERESTIND,EVEREST INDUSTRIES LIMITED
EVERONN,EVERONN EDUCATION LIMITED
EXCEL,EXCEL REALTY N INFRA LIMITED
EXCELCROP,EXCEL CROP CARE LIMITED
EXCELINDUS,EXCEL INDUSTRIES LIMITED
EXIDEIND,EXIDE INDUSTRIES LIMITED
EXPLEOSOL,EXPLEO SOLUTIONS LIMITED
FACT,FACT LIMITED
FAIRCHEM,FAIRCHEM SPECIALITY LIMITED
FALCONTYRE,FALCON TYRES LIMITED
FARMAXIND,FARMAX INDIA LIMITED
FASTCAP,FAST CAPITAL GROWTH LIMITED
FAZETHREE,FAZE THREE EXPORTS LIMITED
FCL,FINEOTEX CHEMICAL LIMITED
FCONSUMER,FUTURE CONSUMER LIMITED
FCSSOFT,FCS SOFTWARE SOLN. LIMITED.
FDC,FDC LIMITED
FEDDERELEC,FEDDERS ELECTRIC & ENG LT
FEDERALBNK,FEDERAL BANK LIMITED
FEL,FUTURE ENTERPRISES LIMITED
FELDVR,FUTURE ENTERPRISES LIMITED
FEMNORMIN,FEMNOR MINERAL (I) LIMITED
FERROALLOY,FERRO ALLOYS CORPORATION
FGPIND,FGP LIMITED
FICOMORGAN,FICOM ORGANICS LIMITED
FIEMIND,FIEM INDUSTRIES LIMITED
FILATEX,FILATEX INDIA LIMITED
FINCABLES,FINOLEX CABLES LIMITED
FINEORG,FINE ORGANIC IND. LIMITED.
FINPIPE,FINOLEX INDUSTRIES LIMITED
FIRSTLEASE,FIRST LEASING COMPANY OF
FIRSTWIN,FIRST WIN IND. LIMITED.
FISHFALCON,FISHING FALCONS LIMITED
FLATPROD,FLAT PRODUCTS EQUIPMENT (
FLEXITUFF,FLEXITUFF VENTURES INT L
FLFL,FUT LIFESTYLE FASH LIMITED
FLUOROCHEM,GUJARAT FLUOROCHEM LIMITED
FMGOETZE,FEDERAL-MOGUL GOETZE (IND
FMNL,FUTURE MKT NETWORKS LIMITED
FORBESGOK,FORBES GOKAK LIMITED
FORCEMOT,FORCE MOTORS LIMITED
FORTIS,FORTIS HEALTHCARE LIMITED
FORTISFIN,FORTIS FINANCIAL SERVICES
FOSECOIND,FOSECO INDIA LIMITED
FRETAIL,FUTURE RETAIL LIMITED
FSC,FUTURE SUPP CHAIN SOL LIMITED
FSL,FIRSTSOURCE SOLU. LIMITED.
FULFORD,FULFORD (I) LIMITED
GABRIEL,GABRIEL INDIA LIMITED
GAEL,GUJARAT AMBUJA EXPORTS LT
GAIL,GAIL (INDIA) LIMITED
GAL,GYSCOAL ALLOYS LIMITED
GALAXYSURF,GALAXY SURFACTANTS LIMITED
GALLANTT,GALLANTT METAL LIMITED
GALLISPAT,GALLANTT ISPAT LIMITED
GALPOWTEL,GALADA POWER & TELECOM
GAMMNINFRA,GAMMON INFRA PROJ LIMITED.
GAMMONIND,GAMMON INDIA LIMITED
GANDHITUBE,GANDHI SPL. TUBES LIMITED
GANECOS,GANESHA ECOSPHERE LIMITED
GANESHANHY,GANESH ANYHDRIDE LIMITED
GANESHBENZ,GANESH BENZOPLAST LIMITED
GANESHHOUC,GANESH HOUSING CORP LIMITED
GANGESSECU,GANGES SECURITIES LIMITED
GANGOTEX,GANGOTRI TEXTILES LIMITED
GANGOTRI,GANGOTRI TEXTILES LIMITED.
GANHSGFIN,GANESH HOUSING FIN CORP
GARDENSILK,GARDEN SILK MILLS LIMITED
GARFIBRES,GARWARE TECH FIBRES LIMITED
GARWARPOLY,GARWARE POLYESTER LIMITED
GARWARSHIP,GARWARE SHIPPING CORP. LT
GATI,GATI LIMITED
GAYAHWS,GAYATRI HIGHWAYS LIMITED
GAYAPROJ,GAYATRI PROJECTS LIMITED
GBGLOBAL,GB GLOBAL LIMITED
GDL,GATEWAY DISTRIPARKS LIMITED.
GECALSTHOM,ALSTOM LIMITED
GEECEE,GEECEE VENTURES LIMITED
GEEKAYEXIM,GEEKAY EXIM (I) LIMITED
GEEKAYWIRE,GEEKAY WIRES LIMITED
GEINDSYS,GEI IND SYSTEMS LIMITED
GEMINI,GEMINI COMM. LIMITED
GEMSPIN,GEM SPINNERS (I) LIMITED
GENESYS,GENESYS INTL CORPN LIMITED
GENUSPAPER,GENUS P&B LIMITED
GENUSPOWER,GENUS POWER INFRASTRU LIMITED
GEODESIC,GEODESIC LIMITED
GEOJITFSL,GEOJIT FINANCIAL SER L
GEORGFISCH,GEORG FISCHER DISA LIMITED
GEPIL,GE POWER INDIA LIMITED
GESHIP,THE GE SHPG.LTD
GESTETNER,GESTETNER (INDIAI LIMITED
GET&D,GE T&D INDIA LIMITED
GFLLIMITED,GFL LIMITED
GFSTEELS,GRAND FOUNDRY LIMITED
GHCL,GHCL LIMITED
GICBAL,GIC BALANCED FUND
GICHSGFIN,GIC HOUSING FINANCE LIMITED
GICRE,GENERAL INS CORP OF INDIA
GILLANDERS,GILLANDERS ARBUTHNOT LIMITED
GILLETTE,GILLETTE INDIA LIMITED
GINNIFILA,GINNI FILAMENTS LIMITED
GIPCL,GUJ IND POW CO. LIMITED
GISOLUTION,GI ENGINEERING SOLNS LIMITED
GITANJALI,GITANJALI GEMS LIMITED
GKWLIMITED,GKW LIMITED
GLAXO,GLAXOSMITHKLINE PHARMA LT
GLENMARK,GLENMARK PHARMACEUTICALS
GLFL,GUJARAT LEASE FINANCING L
GLOBABOARD,GLOBAL BOARDS LIMITED
GLOBALVECT,GLOBAL VEC HELICORP LIMITED
GLOBOFFS,GLOBAL OFFSHORE SERV LIMITED
GLOBUSSPR,GLOBUS SPIRITS LIMITED
GLODYNE,GLODYNE TECHNOSERVE LIMITED.
GLORY,GLORY POLYFILMS LIMITED.
GMBREW,G M BREWERIES LIMITED
GMDCLTD,GUJARAT MINERAL DEV CORP
GMMPFAUDLR,GMM PFAUDLER LIMITED
GMRINFRA,GMR INFRASTRUCTURE LIMITED.
GMRVASAVI,GMR TECHNOLOGIES & INDUST
GMSIND,G M S INDUSTRIES (I) LIMITED
GNA,GNA AXLES LIMITED
GNFC,GUJ NAR VAL FER & CHEM L
GOACARBON,GOA CARBON LIMITED
GOCLCORP,GOCL CORPORATION LIMITED
GODFRYPHLP,GODFREY PHILLIPS INDIA LT
GODREJAGRO,GODREJ AGROVET LIMITED
GODREJCP,GODREJ CONSUMER PRODUCTS
GODREJIND,GODREJ INDUSTRIES LIMITED
GODREJPROP,GODREJ PROPERTIES LIMITED
GOENKA,GOENKA DIAMOND&JEWELS LIMITED
GOKEX,GOKALDAS EXPORTS LIMITED.
GOKUL,GOKUL REFOILS & SOLV LIMITED
GOKULAGRO,GOKUL AGRO RESOURCES LIMITED
GOLCRESFIN,GOLDCREST FINANCE (I) LIMITED
GOLDBEES,NIPP IND ETF GOLD BEES
GOLDBENAV,GOLD BEES NAV
GOLDENTOBC,GOLDEN TOBACCO LIMITED
GOLDIAM,GOLDIAM INTERNATIONAL LIMITED
GOLDSHARE,UTI GOLD ETF
GOLDTECH,GOLDSTONE TECHNOLOGIES LT
GONTERPEIP,GONTERMANN PEIPERS (I) LT
GOODLUCK,GOODLUCK INDIA LIMITED
GOODRICKE,GOODRICKE GROUP LIMITED
GOODVALUE,GOOD VALUE MARKETING CO.
GOODYEAR,GOODYEAR INDIA LIMITED
GORDONHERB,GORDON HERBERT LIMITED
GOVINRUBER,GOVIND RUBBER LIMITED
GPIL,GODAWARI POW & ISP LIMITED
GPPL,GUJARAT PIPAVAV PORT LIMITED
GPTINFRA,GPT INFRAPROJECTS LIMITED
GRANDFONRY,GRAND FOUNDRY LIMITED
GRANULES,GRANULES INDIA LIMITED
GRAPCOMIN,GRAPCO MINING AND CO. LIMITED
GRAPHITE,GRAPHITE INDIA LIMITED
GRASIM,GRASIM INDUSTRIES LIMITED
GRAVITA,GRAVITA INDIA LIMITED
GREAVESCOT,GREAVES COTTON LIMITED.
GREENLAM,GREENLAM INDUSTRIES LIMITED.
GREENPANEL,GREENPANEL INDUSTRIES LIMITED
GREENPLY,GREENPLY INDUSTRIES LIMITED
GREENPOWER,ORIENT GREEN POWER CO LIMITED
GRINDWELL,GRINDWELL NORTON LIMITED
GRINWELNOR,GRINDWELL NORTON LIMITED
GROBTEA,THE GROB TEA COMPANY LIMITED
GRPLTD,GRP LIMITED
GRSE,GARDEN REACH SHIP&ENG LIMITED
GRUH,GRUH FINANCE LIMITED.
GSCLCEMENT,GUJARAT SIDHEE CEM. LIMITED.
GSFC,GUJ STATE FERT & CHEM LIMITED
GSKCONS,GLAXOSMITHKLINE CONSUMER
GSL,GSL (I) LIMITED
GSPL,GUJARAT STATE PETRO LIMITED
GSS,GSS INFOTECH LIMITED
GTL,GTL LIMITED
GTLINFRA,GTL INFRA.LTD
GTNIND,GTN INDUSTRIES LIMITED
GTNTEX,GTN TEXTILES LIMITED
GTOFFSHORE,GOL OFFSHORE LIMITED
GTPL,GTPL HATHWAY LIMITED
GUFICBIO,GUFIC BIOSCIENCES LIMITED.
GUJALKALI,GUJARAT ALKALIES & CHEM
GUJAPOLLO,GUJ. APOLLO IND. LIMITED.
GUJBOROSIL,GUJARAT BOROSIL LIMITED
GUJCOTEX,GUJARAT COTEX LIMITED
GUJGASLTD,GUJARAT GAS LIMITED
GUJNRECOKE,GUJARAT N R E COKE LIMITED
GUJNREDVR,GUJ NRE DVR 'B' CLASS
GUJOPTICAL,GUJARAT OPTICAL COMM LIMITED
GUJRAFFIA,GUJARAT RAFFIA INDUST LIMITED
GUJRATTELE,GUJARAT TELEPHONE CABLES
GUJTHEMIS,GUJARAT THEMIS BIOSYN LIMITED
GULFOILLUB,GULF OIL LUB. IND. LIMITED.
GULFPETRO,GP PETROLEUMS LIMITED
GULPOLY,GULSHAN POLYOLS LIMITED
GVKPIL,GVK POW. & INFRA LIMITED.
HAL,HINDUSTAN AERONAUTICS LIMITED
HANUNG,HANUNG TOYS & TEX LIMITED
HARIAEXPO,HARIA EXPORTS LIMITED
HARIGCRANK,HARIG CRANKSHAFTS LIMITED
HARITASEAT,HARITA SEATING SYS. LIMITED
HARRMALAYA,HARRISON MALAYALAM LIMITED
HARYANPETR,HARYANA PETROCHEMICALS LT
HATHWAY,HATHWAY CABLE & DATACOM
HATSUN,HATSUN AGRO PRODUCT LIMITED.
HAVELLS,HAVELLS INDIA LIMITED
HAVISHA,SRI HAVISHA HOSP & INFR L
HAWKINCOOK,HAWKINS COOKERS LIMITED
HBLPOWER,HBL POWER SYSTEMS LIMITED.
HBSL,HB STOCKHOLDINGS LIMITED
HBSTOCK,HB STOCKHOLDINGS LIMITED
HCC,HINDUSTAN CONSTRUCTION CO
HCG,HEALTHCARE GLOB. ENT. LIMITED
HCL-INSYS,HCL INFOSYSTEMS LIMITED
HCLTECH,HCL TECHNOLOGIES LIMITED
HDFC,HDFC LIMITED
HDFCAMC,HDFC AMC LIMITED
HDFCBANK,HDFC BANK LIMITED
HDFCLIFE,HDFC LIFE INS CO LIMITED
HDFCMFGETF,HDFC GOLD ETF
HDFCNIFETF,HDFCAMC - HDFCNIFETF
HDFCSENETF,HDFCAMC - HDFCSENETF
HDIL,HOUSING DEV & INFRA LIMITED
HEG,HEG LIMITED
HEIDELBERG,HEIDELBERGCEMENT (I) LIMITED
HELIOSMATH,HELIOS & MATHINFTECH LIMITED.
HERBETSON,HERBERTSONS LIMITED
HERCULES,HERCULES HOI. LIMITED.
HERDIOXIDE,HERDILLIA OXIDES & ELECTR
HERITGFOOD,HERITAGE FOODS LIMITED
HEROMOTOCO,HERO MOTOCORP LIMITED
HESTERBIO,HESTER BIOSCIENCES LIMITED
HEXATRADEX,HEXA TRADEX LIMITED
HEXAWARE,HEXAWARE TECHNOLOGIES LIMITED
HFCL,HFCL LIMITED
HGINFRA,H.G.INFRA ENGINEERING LIMITED
HGS,HINDUJA GLOBAL SOLS. LIMITED.
HIGHGROUND,HIGH GROUND ENTP LIMITED
HIKAL,HIKAL LIMITED
HIL,HIL LIMITED
HILTON,HILTON METAL FORGING LIMITED
HIMADCHEM,HIMADRI CHEMICALS AND IND
HIMATSEIDE,HIMATSINGKA SEIDE LIMITED
HIMGRANITE,HIMALAYA GRANITES LIMITED
HINDALCO,HINDALCO  INDUSTRIES  LIMITED
HINDCOMPOS,HINDUSTAN COMPOSITES LIMITED.
HINDCOPPER,HINDUSTAN COPPER LIMITED
HINDDORROL,HINDUSTAN DORR OLIVER LIMITED
HINDIND,HIND INDUSTRIES LIMITED
HINDINDCHM,HINDUSTAN INDUSTRIAL CHEM
HINDMOTORS,HINDUSTAN MOTORS LIMITED
HINDNATGLS,HIND NATL GLASS & IND LIMITED
HINDNITRO,HINDUSTAN NITROPROD GUJRA
HINDOILEXP,HINDUSTAN OIL EXPLORATION
HINDPETRO,HINDUSTAN PETROLEUM CORP
HINDPHOTO,HINDUSTAN PHOTO FILMS MFG
HINDRECT,HIND RECTIFIERS LIMITED
HINDSYNTEX,HIND SYNTEX LIMITED
HINDTINWRK,HINDUSTAN TIN WORKS LIMITED
HINDUNILVR,HINDUSTAN UNILEVER LIMITED.
HINDZINC,HINDUSTAN ZINC LIMITED
HINPOWPLUS,HINDUSTAN POWERPLUS LIMITED
HIRECT,HIND RECTIFIER LIMITED
HISARMETAL,HISAR METAL IND. LIMITED
HITECH,HI-TECH PIPES LIMITED
HITECHCORP,HITECH CORPORATION LIMITED
HITECHGEAR,THE HI-TECH GEARS LIMITED
HLVLTD,HLV LIMITED
HMT,HINDUSTAN MACHINE TOOLS L
HMVL,HINDUSTAN MEDIA VENT LIMITED
HNDFDS,HINDUSTAN FOODS LIMITED
HNGSNBENAV,HANGSENG BEES NAV
HNGSNGBEES,NIP IN ETF HANG SENG BEES
HOGANAS,HOGANAS INDIA LIMITED.
HONAUT,HONEYWELL AUTOMATION IND
HONDAPOWER,HONDA SIEL POWER PROD LIMITED
HOTELRUGBY,HOTEL RUGBY LIMITED
HOTLINGLAS,HOTLINE GLASS LIMITED
HOVS,HOV SERVICES LIMITED
HPL,HPL ELECTRIC & POWER LIMITED
HSCL,HIMADRI SPECIALITY CHEM L
HSIL,HSIL LIMITED
HTMEDIA,HT MEDIA LIMITED
HUBTOWN,HUBTOWN LIMITED
HUDCO,HSG & URBAN DEV CORPN LIMITED
HYTSNMAGNT,HYTAISUN MAGNETICS LIMITED.
IBMFNIFTY,IBULLSAMC - IBMFNIFTY
IBREALEST,INDIABULLS REAL EST. LIMITED
IBULHSGFIN,INDIABULLS HSG FIN LIMITED
IBULISL,INDIABULLS INTEGR SER LIMITED
IBVENTURES,INDIABULLS VENTURES LIMITED
ICDSLTD,ICDS LIMITED
ICICI500,ICICIPRAMC - ICICI500
ICICIB22,ICICIPRAMC - BHARATIWIN
ICICIBANK,ICICI BANK LIMITED.
ICICIBANKN,ICICIPRAMC - IPRU5008
ICICIBANKP,ICICIPRAMC - ICICIBANKP
ICICIGI,ICICI LOMBARD GIC LIMITED
ICICIGOLD,ICICI PRUDENTIAL GOLD ETF
ICICILIQ,ICICIPRAMC - ICICILIQ
ICICILOVOL,ICICI PR NIF LW VL 30 ETF
ICICIM150,ICICIPRAMC - ICICIM150
ICICIMCAP,ICICI PRUD MIDCAP SEL ETF
ICICINF100,ICICI PRUD NIFTY 100 ETF
ICICINIFTY,ICICI PRUD NIFTY ETF
ICICINV20,ICICI PRUDENTIAL NV20 ETF
ICICINXT50,ICICIPRAMC - ICICINXT50
ICICIPRULI,ICICI PRU LIFE INS CO LIMITED
ICICISENSX,ICICI PRUD SENSEX ETF
ICIL,INDO COUNT INDUSTRIES LIMITED
ICRA,ICRA LIMITED
ICSA,ICSA (INDIA) LIMITED
IDBI,IDBI BANK LIMITED
IDBIGOLD,IDBI MF - IDBI GOLD ETF
IDEA,VODAFONE IDEA LIMITED
IDFC,IDFC LIMITED
IDFCFIRSTB,IDFC FIRST BANK LIMITED
IDFNIFTYET,IDFCAMC - IDFNIFTYET
IDLCHEM,IDL INDUSTRIES LIMITED
IEX,INDIAN ENERGY EXC LIMITED
IFBAGRO,IFB AGRO INDUSTRIES LIMITED
IFBIND,IFB INDUSTRIES LIMITED
IFBVENTUR,IFB VENTURE CAPITAL LIMITED
IFCI,IFCI LIMITED
IFGLEXPOR,IFGL REFRACTORIES LIMITED
IFGLREFRAC,IFGL REFRACTORIES LIMITED
IGARASHI,IGARASHI MOTORS INDIA LIMITED
IGGIRESORT,IGGI RESORTS INTL LIMITED
IGL,INDRAPRASTHA GAS LIMITED
IGPL,I G PETROCHEMICALS LIMITED
IIFL,IIFL FINANCE LIMITED
IIFLSEC,IIFL SECURITIES LIMITED
IIFLWAM,IIFL WEALTH MGMT LIMITED
IITL,INDUSTRIAL INV TRUST LIMITED
IL&FSENGG,IL&FS ENG AND CONS CO LIMITED
IL&FSTRANS,IL&FS TRANS NET LIMITED
IMAGICAA,IMAGICAAWORLD ENT LIMITED
IMFA,INDIAN METALS & FERRO
IMPAL,IND MOTOR PART & ACC LIMITED
IMPEXFERRO,IMPEX FERRO TECH LIMITED
INDAIRYSPE,INDIANA DAIRY SPEC. LIMITED
INDAL,INDIAN ALUMINIUM CO LIMITED
INDBANK,INDBANK MERCH BANK
INDBIOFOOD,INDO BIOTECH FOODS LIMITED.
INDHOTEL,THE INDIAN HOTELS CO. LIMITED
INDIACEM,THE INDIA CEMENTS LIMITED
INDIAGLYCO,INDIA GLYCOLS LIMITED
INDIALEASE,INDIA LEASE DEVELOPMENT L
INDIAMART,INDIAMART INTERMESH LIMITED
INDIANACRY,INDIAN ACRYLICS LIMITED
INDIANB,INDIAN BANK
INDIANCARD,INDIAN CARD CLOTHING CO.
INDIANHUME,INDIAN HUME PIPE CO. LIMITED.
INDIANORG,INDIAN ORGANIC CHEMICAL L
INDIAPHOTO,KODAK INDIA LIMITED
INDIASEC,INDIA SECURITIES LIMITED
INDIGO,INTERGLOBE AVIATION LIMITED
INDLMETER,IMP POWERS LIMITED
INDNIPPON,INDIA NIPPON ELECT  LIMITED
INDOASAHI,INDO ASAHI GLASS CO LIMITED
INDOCO,INDOCO REMEDIES LIMITED.
INDOCOUNT,INDO COUNT IND. LIMITED.
INDOFREBIO,INDO-FRENCH BIOTECH ENTER
INDOMATAPP,INDO MATSUSHITA APP LIMITED
INDORAMA,INDO RAMA SYNTHETICS LIMITED
INDORAMSYN,INDO RAMA SYNTHETICS (I)
INDOSOLAR,INDOSOLAR LIMITED
INDOSTAR,INDOSTAR CAPITAL FIN LIMITED
INDOTECH,INDO TECH TRANSFORM LIMITED.
INDOTHAI,INDO THAI SEC LIMITED
INDOWIND,INDOWIND ENERGY LIMITED
INDOZINC,INDO ZINC LIMITED
INDRAMEDCO,INDRAPRASTHA MEDICAL CORP
INDRATNA,IND RATNA
INDSEAMFIN,INDIAN SEAMLESS FIN SERV
INDSTMSHIP,INDIA STEAMSHIP CO LIMITED.
INDSWFTLAB,IND SWIFT LABORATORIES LT
INDSWFTLTD,IND-SWIFT LIMITED
INDTERRAIN,IND TERRAIN FASHIONS LIMITED
INDTRADECO,IND TRA DECO LIMITED
INDUNISSAN,INDU NISSAN OXO CHEM IND.
INDUSFILA,INDUS FILA LIMITED
INDUSINDBK,INDUSIND BANK LIMITED
INDYESTUF,IDI LIMITED
INEOSSTYRO,INEOS STYROLUTION IND LIMITED
INERTIAIND,INERTIA INDUSTRIES LIMITED.
INFARINDIA,INFAR (INDIA) LIMITED
INFIBEAM,INFIBEAM AVENUES LIMITED
INFINITE,INFINITE COMPUTER SOL LIMITED
INFOBEAN,INFOBEANS TECHNO. LIMITED.
INFOMEDIA,INFOMEDIA PRESS LIMITED
INFRABEES,NIPP INDIA ETF INFRA BEES
INFRABENAV,INFRA BEES NAV
INFRATEL,BHARTI INFRATEL LIMITED.
INFY,INFOSYS LIMITED
INGERRAND,INGERSOLL-RAND INDIA LIMITED
INNOIND,INNOVENTIVE IND LIMITED
INOVATMARN,INNOVATIVE MARINE FOODS L
INOXLEISUR,INOX LEISURE LIMITED
INOXWIND,INOX WIND LIMITED
INSECTICID,INSECTICIDES (I) LIMITED
INSILCO,INSILCO LIMITED
INSPIRISYS,INSPIRISYS SOLUTIONS LIMITED
INTCOMTECH,ICES SOFTWARE LIMITED.
INTEGRA,INTEGRA GARMENT & TEX LIMITED
INTEGRFIN,INTEGRATED FINANCE LIMITED.
INTELLECT,INTELLECT DESIGN ARENA
INTENTECH,INTENSE TECHNOLOGIES LIMITED
INTLTRAVHS,INTERNATIONAL TRAVEL HOUS
INVELTRANS,GKN DRIVESHAFTS (I) LIMITED
INVENTURE,INVENTURE GRO & SEC LIMITED
IOB,INDIAN OVERSEAS BANK
IOC,INDIAN OIL CORP LIMITED
IOLCP,IOL CHEMICAL AND PHARMA LIMITED
IONEXCHANG,ION EXCHANGE (INDIA) LIMITED
IPCALAB,IPCA LABORATORIES LIMITED
IPRINGS,I P RINGS LIMITED
IRB,IRB INFRA DEV LIMITED.
IRCON,IRCON INTERNATIONAL LIMITED
IRCTC,INDIAN RAIL TOUR CORP LIMITED
ISEC,ICICI SECURITIES LIMITED
ISFT,INTRASOFT TECH. LIMITED
ISIBARS,ISIBARS LIMITED
ISMTLTD,ISMT LIMITED
ISPATALLOY,ISPAT ALLOYS LIMITED
ISPATPROF,ISPAT PROFILE (I) LIMITED
ISSAL,INDIAN SEAMLESS STEELS &
ISWARMEDIC,ISHWAR MEDICAL SERVICES L
ITC,ITC LIMITED
ITDC,INDIA TOUR. DEV. CO. LIMITED.
ITDCEM,ITD CEMENTATION INDIA LIMITED
ITI,ITI LIMITED
ITWSIGNODE,ITW SIGNODE INDIA LIMITED
IVC,IL&FS INVESTMENT MANAGERS
IVP,IVP LIMITED
IVRCLINFRA,IVRCL LIMITED
IVZINGOLD,INVESCO INDIA GOLD ETF
IVZINNIFTY,INVESCO INDIA NIFTY ETF
IZMO,IZMO LIMITED
J&KBANK,J & K BANK LIMITED.
JAGAJITIND,JAGATJIT INDUSTRIES LIMITED
JAGRAN,JAGRAN PRAKASHAN LIMITED
JAGSNPHARM,JAGSONPAL PHARMACEUTICALS
JAIBALAJI,JAI BALAJI INDUSTRIES LIMITED
JAICORPLTD,JAI CORP LIMITED
JAIHINDPRO,JAIHIND PROJECTS LIMITED
JAINPLAST,JAIN PLASTICS & CHEM LIMITED
JAINSTUDIO,JAIN STUDIOS LIMITED
JAIPARBOLI,JAI PARABOLIC SPRINGS LIMITED
JALANFORG,JALAN FORGINGS LIMITED
JAMNAAUTO,JAMNA AUTO IND LIMITED
JAMNAUTO,JAMNA AUTO IND LIMITED
JASCHIND,JASCH INDUSTRIES LIMITED
JASH,JASH ENGINEERING LIMITED
JASWALGRAN,JASWAL GRANITES LIMITED
JAYAGROGN,JAYANT AGRO ORGANICS LIMITED
JAYBARMARU,JAY BHARAT MARUTI LIMITED
JAYBUSMAC,JAYANTI BUSINESS MACHINES
JAYDYSTUF,JAYSYNTH DYESTUFF (I) LIMITED
JAYNECOIND,JAYASWAL NECO INDUSTR LIMITED
JAYSREETEA,JAYSHREE TEA & INDUSTRIES
JBCHEPHARM,J B CHEMICALS AND PHARMA
JBFIND,JBF INDUSTRIES LIMITED
JBMA,JBM AUTO LIMITED
JCHAC,JOHNSON CONTROLS HITACHI
JCT,JCT LIMITED
JCTEL,JCT ELE. LIMITED
JENSONICOL,JENSON & NICHOLSON (IND)
JERSY,JERSY INDIA LIMITED
JETAIRWAYS,JET AIRWAYS (INDIA) LIMITED.
JFLABS,JF LABORATORIES LIMITED
JHS,JHS SVEND. LAB. LIMITED
JIKIND,JIK INDUSTRIES LIMITED
JINDALDRUG,JINDAL DRUGS LIMITED
JINDALPHOT,JINDAL PHOTO LIMITED
JINDALPOLY,JINDAL POLY FILMS LIMITED
JINDALSAW,JINDAL SAW LIMITED
JINDALSTEL,JINDAL STEEL & POWER LIMITED
JINDCOT,JINDAL COTEX LIMITED
JINDRILL,JINDAL DRILLING IND. LIMITED
JINDWORLD,JINDAL WORLDWIDE LIMITED
JISLDVREQS,JAIN DVR EQUITY SHARES
JISLJALEQS,JAIN IRRIGATION SYSTEMS
JITFINFRA,JITF INFRALOGISTICS LIMITED
JIYAECO,JIYA ECO-PRODUCTS LIMITED
JKCEMENT,JK CEMENT LIMITED
JKCORP,JK CORP LIMITED
JKDAIRY,JK DAIRY AND FOODS LIMITED
JKIL,JKUMAR INFR.LTD.
JKIND,JK INDUSTRIES LIMITED
JKLAKSHMI,JK LAKSHMI CEMENT LIMITED
JKPAPER,JK PAPER LIMITED
JKPHARMA,J K PHARMACHEM LIMITED
JKSYNTHETC,JK SYNTHETICS LIMITED
JKTYRE,JK TYRE & INDUSTRIES LIMITED
JKUDYOG,JK UDAIPUR UDYOG LIMITED
JMA,JULLUNDUR MOT AGENCY LIMITED
JMCPROJECT,JMC PROJECTS (I) LIMITED.
JMFINANCIL,JM FINANCIAL LIMITED
JMSHARE,J M SHARE AND STOCK BROKE
JMTAUTOLTD,JMT AUTO LIMITED
JOCIL,JOCIL LIMITED
JORDENGG,JORD ENGINEERS (I) LIMITED
JPASSOCIAT,JAIPRAKASH ASSOCIATES LIMITED
JPINFRATEC,JAYPEE INFRATECH LIMITED
JPOLYINVST,JIND POL INV & FIN CO LIMITED
JPPOWER,JAIPRAKASH POWER VEN. LIMITED
JSL,JINDAL STAINLESS LIMITED
JSLHISAR,JINDAL STAINLESS (H) LIMITED
JSWENERGY,JSW ENERGY LIMITED
JSWHL,JSW HOLDINGS LIMITED
JSWSTEEL,JSW STEEL LIMITED
JTEKTINDIA,JTEKT INDIA LIMITED
JUBILANT,JUBILANT LIFE SCIENCE LIMITED
JUBLFOOD,JUBILANT FOODWORKS LIMITED
JUBLINDS,JUBILANT INDUSTRIES LIMITED
JUMPNET,JUMP NETWORKS LIMITED
JUNIORBEES,NIP INDIA ETF JUNIOR BEES
JUNORBENAV,JUNIOR BEES NAV
JUPITER,JUPITER BIOSCIENCE LIMITED
JUSTDIAL,JUSTDIAL LIMITED.
JVLAGRO,JVL AGRO INDUSTRIES LIMITED
JYOTHYLAB,JYOTHY LABS LIMITED
JYOTISTRUC,JYOTI STRUCTURES LIMITED
KABRAEXTRU,KABRA EXTRUSION TECHNIK L
KAJARIACER,KAJARIA CERAMICS LIMITED
KAKATCEM,KAKATIYA CEM SUGAR &IND L
KALPATPOWR,KALPATARU POWER TRANS. LT
KALYANI,KALYANI COMMERCIALS LIMITED
KALYANIFRG,KALYANI FORGE LIMITED
KALYANISHP,KALYANI SHARP INDIA LIMITED
KALYANISTL,KALYANI STEELS LIMITED
KAMATHOTEL,KAMAT HOTELS (I) LIMITED
KAMDHENU,KAMDHENU LIMITED
KANAKSTEEL,KANAKDHARA STEEL LIMITED
KANANIIND,KANANI INDUSTRIES LIMITED
KANELOIL,KANEL OILS & EXPO. INDS.
KANORICHEM,KANORIA CHEMICALS & INDUS
KANSAINER,KANSAI NEROLAC PAINTS LIMITED
KAPSTON,KAPSTON FACILITIES MGMT L
KARDA,KARDA CONSTRUCTIONS LIMITED
KARMAENG,KARMA ENERGY LIMITED
KARUNACAB,KARUNA CABLES LIMITED
KARURVYSYA,KARUR VYSYA BANK LIMITED
KAUSHALYA,KAUSHALYA INFRA DEV LIMITED.
KAVVERITEL,KAVVERI TEL. LIMITED.
KAYA,KAYA LIMITED
KCP,KCP LIMITED
KCPSUGIND,KCP SUGAR IND CORP LIMITED.
KDDL,KDDL LIMITED
KEC,KEC INTL. LIMITED
KECL,KIRLOSKAR ELECTRIC CO LIMITED
KEI,KEI INDUSTRIES LIMITED.
KELLTONTEC,KELLTON TECH SOL LIMITED
KEMROCK,KEMROCK IND LIMITED
KENNAMET,KENNAMETAL INDIA LIMITED
KERALACHEM,KERALA CHEMICALS AND PROT
KERNEX,KERNEX MICROSYS(I) LIMITED
KESARENT,KESAR ENTERPRISES LIMITED.
KESORAMIND,KESORAM INDUSTRIES LIMITED
KESWANISYN,KESWANI SYNTHETIC IND LIMITED
KEYFINSERV,KEYNOTE FIN SERV LIMITED.
KFA,KINGFISHER AIRLINES LIMITED
KGDENIM,K G DENIM LIMITED
KGKHOSLA,KG KHOSLA COMPRESSORS LIMITED
KGL,KARUTURI GLOBAL LIMITED
KHADIM,KHADIM INDIA LIMITED
KHAITANELE,KHAITAN ELECTRICALS LIMITED
KHAITANLTD,KHAITAN (INDIA)LTD.
KHANDSE,KHANDWALA SECURITIES LIMITED
KHATJUNKER,INDOKEM LIMITED
KICL,KALYANI INVEST CO LIMITED
KILBUNENGG,KILBURN ENGG. LIMITED.
KILITCH,KILITCH DRUGS INDIA LIMITED
KINETICENG,KINETIC ENGINEERING LIMITED
KINGFA,KINGFA SCI & TEC IND LIMITED.
KINGSINTL,KINGS INTERNATIONAL AQUA
KIOCL,KIOCL LIMITED
KIRANOVER,KIRAN OVERSEAS EXPORTS LT
KIRIINDUS,KIRI INDUSTRIES LIMITED
KIRLFER,KIRLOSKAR FERROUS IND LIMITED
KIRLOSBROS,KIRLOSKAR BROTHERS LIMITED
KIRLOSELEC,KIRLOSKAR ELECTRODYNE LIMITED
KIRLOSENG,KIRLOSKAR OIL ENG LIMITED
KIRLOSFERR,KIRLOSKAR FERROUS INDUSTR
KIRLOSIND,KIRLOSKAR INDUSTRIES LIMITED
KIRLOSINV,KIRLOSKAR INV. & FIN. LIMITED
KIRLOSPNEU,KIRLOSKAR PNEUMATIC CO. L
KITEX,KITEX GARMENTS LIMITED
KITPLYIND,KITPLY INDUSTRIES LIMITED
KITSTEEL,KITTI STEELS LIMITED.
KJINTL,KJ INTL. LIMITED.
KKCL,KEWAL KIRAN CLOTHING LIMITED
KLGSYSTEL,KLG SYSTEL LIMITED.
KMSUGAR,K M SUGAR MILLS LIMITED
KNDENGTECH,KND ENG TECHNOLOGIES LIMITED
KNRCON,KNR CONSTRU LIMITED.
KOHINOOR,KOHINOOR FOODS LIMITED
KOKUYOCMLN,KOKUYO CAMLIN LIMITED
KOLTEPATIL,KOLTE PATIL DEV. LIMITED.
KOPDRUGS,KDL BIOTECH LIMITED
KOPRAN,KOPRAN LIMITED
KOTAKBANK,KOTAK MAHINDRA BANK LIMITED
KOTAKBKETF,KOTAKMAMC-KOTAKBKETF
KOTAKGOLD,KOTAK GOLD ETF
KOTAKNIFTY,KOTAK NIFTY ETF
KOTAKNV20,KOTAKMAMC - KTKNV20ETF
KOTAKPSUBK,KOTAK PSU BANK
KOTARISUG,KOTHARI SUG & CHEM LIMITED.
KOTHARINDL,KOTHARI INDUSTRIAL CORPOR
KOTHARIPET,KOTHARI PETROCHEM LIMITED
KOTHARIPRO,KOTHARI PRODUCTS LIMITED
KPITTECH,KPIT TECHNOLOGIES LIMITED
KPRMILL,KPR MILL LIMITED.
KRBL,KRBL LIMITED
KREBSBIO,KREBS BIOCHEMICALS & IND
KRIDHANINF,KRIDHAN INFRA LIMITED
KRISHANA,KRISHANA PHOSCHEM LIMITED
KRISNAFILA,KRISHNA FILAMENTS LIMITED.
KRONECOMM,KRONE COMMUNICATIONS LIMITED
KSB,KSB LIMITED
KSCL,KAVERI SEED CO. LIMITED.
KSERASERA,KSS LIMITED
KSK,KSK ENERGY VENTURES LIMITED
KSL,KALYANI STEELS LIMITED
KSOILS,K S OILS LIMITED
KTIL,KESAR TER & INFRA LIMITED
KTKBANK,KARNATAKA BANK LIMITED
KUANTUM,KUANTUM PAPERS LIMITED
KUSUMINGOT,KUSUM INGOTS & ALLOYS LIMITED
KWALITY,KWALITY LIMITED
L&TFH,L&T FINANCE HOLDINGS LIMITED
LABHCONST,LABH CONSTRUCTION LIMITED.
LAKHNNATNL,LAKHANPAL NATIONAL LIMITED
LAKPRE,LAKSHMI PRE SCRE LIMITED
LAKSELECON,LAKSHMI ELECT CONTROL SYS
LAKSHMIEFL,LAKSHMI ENG. & FOODS LIMITED
LAKSHMILL,LAKSHMI MILLS CO. LIMITED.
LAKSHVILAS,LAKSHMI VILAS BANK LIMITED
LALPATHLAB,DR. LAL PATH LABS LIMITED.
LAMBODHARA,LAMBODHARA TEXTILES LIMITED.
LANCOIND,LANCO INDUSTRIES LIMITED
LAOPALA,LA OPALA RG LIMITED
LASA,LASA SUPERGENERICS LIMITED
LAURUSLABS,LAURUS LABS LIMITED
LAXMIMACH,LAKSHMI MACHINES LIMITED
LCCINFOTEC,LCC INFOTECH LIMITED
LDTEXT,LD TEXTILES IND. LIMITED.
LEEL,LEEL ELECTRICALS LIMITED
LEENATEX,LEENA TEXTILES LIMITED
LEMONTREE,LEMON TREE HOTELS LIMITED
LFIC,LAKSHMI FIN IND CORP LIMITED
LGBBROSLTD,LG BALAKRISHNAN & BROS
LGBFORGE,LGB FORGE LIMITED
LIBAS,LIBAS DESIGNS LIMITED
LIBERTSHOE,LIBERTY SHOES LIMITED
LICHSGFIN,LIC HOUSING FINANCE LIMITED
LICNETFGSC,LICNAMC - LICNMFET
LICNETFN50,LICNAMC - LICNFENGP
LICNETFSEN,LICNAMC - LICNFESGP
LICNFNHGP,LICNAMC - LICNFNHGP
LINCOLN,LINCOLN PHARMA LIMITED
LINCPEN,LINC PEN & PLASTICS LIMITED
LINDEINDIA,LINDE INDIA LIMITED
LIQUIDBEES,NIP IND ETF LIQUID BEES
LIQUIDETF,DSP LIQUID ETF
LITL,LANCO INFRATECH LIMITED.
LKPMERFIN,LKP MERCHANT FINANCING LT
LLOYDFIN,LLOYDS FINANCE LIMITED
LLOYDMETAL,LLOYD METALS & ENGG LIMITED
LML,LML LIMITED
LOKESHMACH,LOKESH MACHINES LIMITED
LOKHSG,LOK HOUSING & CONSTRUCTIO
LOTUSEYE,LOTUS EYE HOSP & INST L
LOVABLE,LOVABLE LINGERIE LIMITED
LPDC,LANDMARK PR.DEV.CO.LTD
LSIL,LLOYDS STEELS IND. LIMITED.
LT,LARSEN & TOUBRO LIMITED.
LTI,L&T INFOTECH LIMITED
LTTS,L&T TECHNOLOGY SER. LIMITED.
LUMAXAUTO,LUMAX AUTOMOTIVE SYST LIMITED
LUMAXIND,LUMAX INDUSTRIES LIMITED
LUMAXTECH,LUMAX AUTO TECH LIMITED
LUNARDIAM,LUNAR DIAMONDS LIMITED
LUPIN,LUPIN LIMITED
LUXIND,LUX INDUSTRIES LIMITED
LYKALABS,LYKA LABS LIMITED
LYPSAGEMS,LYPSA GEMS & JEWEL LIMITED
M&M,MAHINDRA & MAHINDRA LIMITED
M&MFIN,M&M FIN. SERVICES LIMITED
M100,MOST SHARES M100 ETF
M50,MOST SHARES M50 ETF
MAANALU,MAAN ALUMINIUM LIMITED
MADHAV,MADHAV MARBLE & GRANITE
MADHUCON,MADHUCON PROJECTS LIMITED.
MADHURFOOD,MADHUR FOOD PRODUCTS LIMITED
MADHUSYNTX,MADHUMILAN SYNTEX LIMITED
MADRASALMN,MADRAS ALUMINIUM CO. LIMITED.
MADRASFERT,MADRAS FERTILISERS LIMITED
MADRASMFIN,MADRAS MOTOR FIN. & GUAR.
MADSUDIND,MADHUSUDAN IND. LIMITED.
MADURACOAT,MADURA COATS LIMITED.
MAFATLAFIN,MAFATLAL FINANCE COMPANY
MAFATLAIND,MAFATLAL INDUSTRIES LIMITED
MAGADSUGAR,MAGADH SUGAR & ENERGY LIMITED
MAGMA,MAGMA FINCORP LIMITED
MAGNUM,MAGNUM VENTURES LIMITED.
MAHABANK,BANK OF MAHARASHTRA
MAHAGRO,MAHADEV INDUSTRIES LIMITED.
MAHALEAS,MAHADEV CORP (I) LIMITED.
MAHAPEXLTD,MAHA RASHTRA APEX COPR. L
MAHASTEEL,MAHAMAYA STEEL INDS LIMITED
MAHENDSUIT,MAHENDRA PETROCHEMICALS L
MAHEPC,MAHINDRA EPC IRRIG LIMITED
MAHESHWARI,MAHESHWARI LOGISTICS LIMITED.
MAHINDCIE,MAHINDRA CIE AUTO LIMITED
MAHLIFE,MAHINDRA LIFESPACE DEVLTD
MAHLOG,MAHINDRA LOGISTIC LIMITED
MAHSCOOTER,MAHARASHTRA SCOOTERS LIMITED
MAHSEAMLES,MAHARASHTRA SEAMLESS LIMITED
MAIKALFIBR,MAIKAAL FIBRES LIMITED
MAITHANALL,MAITHAN ALLOYS LIMITED
MAJESAUTO,MAJESTIC AUTO LIMITED
MAJESCO,MAJESCO LIMITED
MAJESTIND,MAJESTIC INDUSTRIES LIMITED
MALUPAPER,MALU PAPER MILLS LIMITED
MALWACOTT,MALWA COTTON SPG. MILLS L
MAN50ETF,MIRAEAMC - MAN50ETF
MANAKALUCO,MANAK ALUMINIUM CO. LIMITED.
MANAKCOAT,MAN COAT METAL & IND LIMITED
MANAKSIA,MANAKSIA LIMITED.
MANAKSTEEL,MANAKSIA STEELS LIMITED
MANALIPETC,MANALI PETROCHEMICALS LT
MANALUMN,MAN INDUSTRIES (I) LIMITED
MANAPPURAM,MANAPPURAM FINANCE LIMITED
MANDHANA,MANDHANA INDUS. LIMITED
MANGALAM,MANGALAM DRUG & CHEM LIMITED
MANGCHEFER,MANG.CHEM.FERT.LTD
MANGLMCEM,MANGALAM CEMENT LIMITED
MANGTIMBER,MANGALAM TIMBER PRODUCTS
MANINDS,MAN INDUSTRIES (I) LIMITED.
MANINFRA,MAN INFRA LIMITED
MANPASAND,MANPASAND BEVERAGES LIMITED.
MANTRIHSG,MANTRI HSG & CONST LIMITED
MANUGRAIND,MANUGRAPH INDUSTRIES LIMITED
MANUGRAPH,MANUGRAPH INDIA LIMITED
MANXT50,MIRAEAMC - MANXT50
MARALOVER,MARAL OVERSEAS LIMITED
MARATHON,MARATHON NXTGEN REALT LIMITED
MARICO,MARICO LIMITED
MARKSANS,MARKSANS PHARMA LIMITED
MARNITPOLY,MPL CORPORATION LIMITED
MARUTI,MARUTI SUZUKI INDIA LIMITED.
MASFIN,MAS FINANCIAL SERV LIMITED
MASKINVEST,MASK INVESTMENTS LIMITED
MASTEK,MASTEK LIMITED
MATHPLATT,MATHER & PLATT (I) LIMITED.
MATRIMONY,MATRIMONY.COM LIMITED
MAWANASUG,MAWANA SUGARS LIMITED
MAXINDIA,MAX INDIA LIMITED
MAXORCHARD,MAXWORTH ORCHARDS INDIA L
MAXVIL,MAX VENTURES AND INDS LIMITED
MAYURUNIQ,MAYUR UNIQUOTERS LIMITED
MAZDA,MAZDA LIMITED
MAZDALEASE,MAZDA IND. & LEASING LIMITED.
MBAPL,MADHYA BHARAT AGRO P. LIMITED
MBECL,MCNALLY BH. ENG. CO.LTD
MBLINFRA,MBL INFRASTRUCTURES LIMITED
MCDHOLDING,MCDOWELL HOLDINGS LIMITED.
MCDOWELL-N,UNITED SPIRITS LIMITED
MCLEODRUSS,MCLEOD RUSSEL INDIA LIMITED.
MCX,MULTI COMMODITY EXCHANGE
MEDICAPS,MEDI CAPS LIMITED.
MEGASOFT,MEGASOFT LIMITED
MEGH,MEGHMANI ORGANICS LIMITED.
MELSTAR,MELSTAR INFORMATION TECH
MENONBE,MENON BEARINGS LIMITED
MEP,MEP INFRA. DEVELOPERS LIMITED
MERCATOR,MERCATOR LIMITED
MERIND,MERIND LIMITED
MESCOPHARM,MESCO PHARMA. LIMITED
METALFORGE,METALYST FORGINGS LIMITED
METALPIPE,METALMAN INDUSTRIES LIMITED.
METAZINC,MTZ (INDIA) LIMITED
METKORE,METKORE ALLOYS & IND LIMITED
METROCHEM,METROCHEM INDUSTRIES LIMITED
METROPOLIS,METROPOLIS HEALTHCARE LIMITED
MFSL,MAX FINANCIAL SERV LIMITED
MGL,MAHANAGAR GAS LIMITED.
MHRIL,MAHINDRA HOLIDAYS LIMITED
MIC,MIC ELECTRONICS LIMITED
MICROPLANT,MICRO PLANTAE LIMITED.
MICROTECH,MICRO TECH. (IND) LIMITED
MIDEASTI,MIDEAST INDIA LIMITED
MIDEASTSTL,MIDEAST INTEGRATED STEEL
MIDHANI,MISHRA DHATU NIGAM LIMITED
MIDINDIA,MID INDIA INDUSTRIES LIMITED.
MIDWESTIRN,MIDWEST IRON & STEEL CO L
MILTONPLAS,MILTON PLASTICS LIMITED
MINDACORP,MINDA CORPORATION LIMITED
MINDAIND,MINDA INDUSTRIES LIMITED.
MINDTECK,MINDTECK (INDIA) LIMITED
MINDTREE,MINDTREE LIMITED
MIRCELECTR,MIRC ELECTRONICS LIMITED
MIRZAINT,MIRZA INTERNATIONAL LIMIT
MITTAL,MITTAL LIFE STYLE LIMITED
MMFL,MM FORGINGS LIMITED
MMP,MMP INDUSTRIES LIMITED
MMTC,MMTC LIMITED
MODERNDENM,MODERN DENIM LIMITED
MODERNMAL,MODERN MALLEABLE LIMITED
MODERNWOOL,MODERN TERRY TOWELS LIMITED
MODIALKALI,MODI ALKALIES & CHEM LIMITED.
MODILUFT,MODI LUFT LIMITED
MODINSULAT,MODERN INSULATORS LIMITED
MODIOLIVET,MODI OLIVETTI LIMITED
MODIPON,MODIPON LIMITED
MODIRUBBER,MODI RUBBER LIMITED
MODITHREAD,MODI TELEFIBERS LIMITED
MODRNSYNTX,MODERN SYNTEX (INDIA) LIMITED
MODTHREAD,MODERN THREAD LIMITED.
MOHITIND,MOHIT INDUSTRIES LIMITED
MOHOTAIND,MOHOTA INDUSTRIES LIMITED
MOIL,MOIL LIMITED
MOLDPLAST,MOLD-TEK PLASTICS LIMITED
MOLDTECH,MOLD-TEK TECHNOLOGIES LIMITED
MOLDTKPAC,MOLD-TEK PACKAGING LIMITED
MONICAELEC,MONICA ELECTRONICS LIMITED
MONNETISPA,MONNET ISPAT & ENERGY LIMITED
MONSANTO,MONSANTO INDIA LIMITED
MONTARIND,MONTARI INDUSTRIES LIMITED
MONTECARLO,MONTE CARLO FASHIONS LIMITED.
MORARJEE,MORARJEE TEXTILES LIMITED
MOREPENLAB,MOREPEN LAB. LIMITED
MOSERBAER,MOSER-BAER (I) LIMITED
MOTHERSUMI,MOTHERSON SUMI SYSTEMS LT
MOTILALOFS,MOTILAL OSWAL FIN LIMITED
MOTOGENFIN,MOTOR & GENERAL FINANCE L
MPAGROFERT,M P AGRO FERTILISERS LIMITED
MPHASIS,MPHASIS LIMITED
MPSLTD,MPS LIMITED
MRF,MRF LIMITED
MRO-TEK,MRO-TEK REALTY LIMITED
MRPL,MRPL
MSLIND,MSL INDUSTRIES LIMITED
MSPL,MSP STEEL & POWER LIMITED.
MSSHOES,M S SHOES EAST LIMITED
MSTCLTD,MSTC LIMITED
MTEDUCARE,MT EDUCARE LIMITED
MTNL,MAHANAGAR TELEPHONE NIGAM
MUKANDENGG,MUKAND ENGINEERS LIMITED
MUKANDLTD,MUKAND LIMITED.
MUKATPIPE,MUKAT PIPES LIMITED
MUKERPAPER,MUKERIAN PAPER LIMITED.
MUKTAARTS,MUKTA ARTS LIMITED
MULTIARC,MULTI-ARC INDIA LIMITED
MUNJALAU,MUNJAL AUTO IND. LIMITED.
MUNJALSHOW,MUNJAL SHOWA LIMITED
MURABLACK,MURABLACK LIMITED
MURLIIND,MURLI INDUST. LIMITED.
MURUDCERA,MURUDESHWAR CERAMICS LIMITED
MUTHOOTCAP,MUTHOOT CAP SERV LIMITED
MUTHOOTFIN,MUTHOOT FINANCE LIMITED
MVL,MVL LIMITED
MYSOREBANK,STATE BANK OF MYSORE
MYSORPETRO,MYSORE PETROCHEMICALS LIMITED
N100,MOST SHARES N100 ETF
NACLIND,NACL INDUSTRIES LIMITED
NAGAFERT,NAGARJUN FERT AND CHE LIMITED
NAGARJUFIN,NAGARJUNA FINANCE LIMITED
NAGAROIL,NAGARJUNA OIL REFINERY
NAGREEKCAP,NAGREEKA CAP & INFR.LTD
NAGREEKEXP,NAGREEKA EXPORTS LIMITED.
NAHARCAP,NAHAR CAP & FIN.
NAHARINDUS,NAHAR INDS ENT LIMITED
NAHARPOLY,NAHAR POLY FILMS LIMITED
NAHARSPING,NAHAR SPINNING MILLS LIMITED.
NAHARSUGAR,NAHAR SUGARS & ALLIED IND
NAKODA,NAKODA LIMITED
NAKODATEX,NAKODA TEXTILE INDS LIMITED
NALCOCHEM,NALCO CHEMICALS LIMITED
NAM-INDIA,NIPPON L I A M LIMITED
NAMTECHELE,NAMTECH ELETRONIC DEVICES
NARMADASUG,GIRDHARILAL SUGAR & ALLIE
NATCOPHARM,NATCO PHARMA LIMITED.
NATHBIOGEN,NATH BIO-GENES (I) LIMITED
NATHPULP,NATH PULP & PAPER MILLS L
NATIONALUM,NATIONAL ALUMINIUM CO LIMITED
NATNLSTEEL,NATIONAL STEEL & AGRO IND
NATPEROXID,NATIONAL PEROXIDE LIMITED
NAUKRI,INFO EDGE (I) LIMITED
NAVBHARENT,NAVBHARAT ENTERPRISES LIMITED
NAVINFLUOR,NAVIN FLUORINE INT. LIMITED
NAVKARCORP,NAVKAR CORPORATION LIMITED.
NAVNETEDUL,NAVNEET EDUCATION LIMITED
NBCC,NBCC (INDIA) LIMITED
NBIFIN,N.B.I. IND. FIN. CO. LIMITED
NBVENTURES,NAVA BHARAT VENTURES LIMI
NCC,NCC LIMITED
NCLIND,NCL INDUSTRIES LIMITED
NCOPPER,NISSAN COPPER LIMITED
NDGL,NAGA DHUNSERI GROUP LIMITED
NDL,NANDAN DENIM LIMITED
NDTV,NDTV LIMITED
NECCLTD,NORTH EAST CARRY CORP LIMITED
NECLIFE,NECTAR LIFESCIENCES LIMITED.
NEDUNGBANK,NEDUNGADI BANK LIMITED
NELCAST,NELCAST LIMITED
NELCO,NELCO LIMITED
NEOGEN,NEOGEN CHEMICALS LIMITED
NEOSACK,NEO SACK LIMITED
NEPCMICON,NEPC INDIA LIMITED
NEPCPAPER,NEPC PAPER & BOARD LIMITED
NESCO,NESCO LIMITED.
NESTLEIND,NESTLE INDIA LIMITED
NET4,NET 4 INDIA LIMITED
NETF,TATAAML - NETF
NETFCONSUM,NIPPO IND ETF CONSUMPTION
NETFDIVOPP,NIP ETF DIV OPPORTUNITIES
NETFIT,RELCAPAMC NETFIT
NETFLTGILT,NI IND ETF LONG TERM GILT
NETFMID150,NI I ETF NIFTY MIDCAP 150
NETFNIF100,NIPP INDIA ETF NIFTY 100
NETFNV20,NIPPON INDIA ETF NV20
NETVISTAIT,NETVISTA INFO TECH LIMITED
NETWORK,NETWORK LIMITED
NETWORK18,NETWORK18 MEDIA & INV LIMITED
NEULANDLAB,NEULAND LAB LIMITED.
NEWGEN,NEWGEN SOFTWARE TECH LIMITED
NEXTMEDIA,NEXT MEDIAWORKS LIMITED
NFL,NATIONAL FERT. LIMITED
NH,NARAYANA HRUDAYALAYA LIMITED.
NHPC,NHPC LIMITED
NIACL,THE NEW INDIA ASSU CO LIMITED
NIBL,NRB INDUS. BEARINGS LIMITED.
NICCO,NICCO CORP LIMITED
NIFTYBEES,NIPPO IND ETF NIFTY BEES
NIFTYBENAV,NIFTY BEES NAV
NIFTYEES,EDELWEISS ETF - NIFTY 50
NIHONIRMAN,NIHON NIRMAAN LIMITED
NIITLTD,NIIT LIMITED
NIITTECH,NIIT TECHNOLOGIES LIMITED
NILAINFRA,NILA INFRASTRUCTURES LIMITED
NILASPACES,NILA SPACES LIMITED
NILKAMAL,NILKAMAL LIMITED
NIPPOBATRY,INDO-NATIONAL LIMITED
NIPPONDENS,DENSO INDIA LIMITED
NIRAJISPAT,NIRAJ ISPAT IND LIMITED
NIRAJPETRO,NIRAJ PETRO LIMITED
NIRLON,NIRLON LIMITED
NITCO,NITCO LIMITED
NITESHEST,NEL HOLDINGS LIMITED
NITINFIRE,NITIN FIRE PROT IND. LIMITED.
NITINSPIN,NITIN SPINNERS LIMITED
NIYATILEAS,NIYATI INDUSTRIES LIMITED
NKIND,NK INDUSTRIES LIMITED
NLCINDIA,NLC INDIA LIMITED
NMDC,NMDC LIMITED.
NOCIL,NOCIL LIMITED
NOESISIND,NOESIS INDUSTRIES LIMITED
NOIDATOLL,NOIDA TOLL BRIDGE CO LIMITED
NORBTEAEXP,NORBEN TEA & EXPORTS LIMITED
NORTHSUG,NORTHLAND SUGAR COM. LIMITED
NOVARTIND,NOVARTIS INDIA LIMITED.
NPBET,TATAAML - NPBET
NRAIL,N R AGARWAL INDS LIMITED
NRBBEARING,NRB BEARING LIMITED
NRC,NRC  LIMITED
NSIL,NALWA SONS INVESTMENT LIMITED
NTL,NEUEON TOWERS LIMITED
NTPC,NTPC LIMITED
NUCLEUS,NUCLEUS SOFTWARE EXPORTS
NUTEK,NU TEK INDIA LIMITED
NXTDIGITAL,NXTDIGITAL LIMITED
OAL,ORIENTAL AROMATICS LIMITED
OBEROIRLTY,OBEROI REALTY LIMITED
OCCL,ORIENTAL CARBN & CHEM LIMITED
OCL,OCL INDIA LIMITED
OCLINDIA,ODISHA CEMENT LIMITED
OFSS,ORACLE FIN SERV SOFT LIMITED.
OIL,OIL INDIA LIMITED
OILCOUNTUB,OIL COUNTRY TUBULAR LIMITED
OISL,OCL IRON AND STEEL LIMITED
OLECTRA,OLECTRA GREENTECH LIMITED
OMAXAUTO,OMAX AUTOS LIMITED
OMAXE,OMAXE LIMITED
OMKARCHEM,OMKAR SPL CHEM LIMITED
OMMETALS,OM METALS INFRAPRO LIMITED
OMNITECH,OMNITECH INFOSOLU LIMITED.
ONELIFECAP,ONELIFE CAP ADVISORS LIMITED
ONEPOINT,ONE POINT ONE SOL LIMITED
ONGC,OIL AND NATURAL GAS CORP.
ONIDASAVAK,ONIDA SAVAK LIMITED
ONMOBILE,ONMOBILE GLOBAL LIMITED.
ONWARDTEC,ONWARD TECHNOLOGIES LIMITED
OPTELCOMM,OPTEL TELECOM. LIMITED
OPTIEMUS,OPTIEMUS INFRACOM LIMITED
OPTOCIRCUI,OPTO CIRCUITS (I) LIMITED.
ORBITCORP,ORBIT CORP. LIMITED.
ORBTEXP,ORBIT EXPORTS LIMITED
ORCHIDPHAR,ORCHID PHARMA LIMITED
ORICONENT,ORICON ENTERPRISES LIMITED
ORIENTABRA,ORIENT ABRASIVE LIMITED
ORIENTALTL,ORIENTAL TRIMEX LIMITED
ORIENTBANK,ORIENTAL BANK OF COMMERCE
ORIENTBELL,ORIENT BELL LIMITED
ORIENTCARB,ORIENTAL CARBON & CHEM
ORIENTCEM,ORIENT CEMENT LIMITED.
ORIENTCONT,ORIENTAL CONTAINERS LIMITED
ORIENTELEC,ORIENT ELECTRIC LIMITED
ORIENTHOT,ORIENT HOTELS LIMITED
ORIENTLTD,ORIENT PRESS LIMITED
ORIENTPPR,ORIENT PAPER AND INDS LIMITED
ORIENTREF,ORIENT REFRACTORIES LIMITED
ORISSAMINE,ORISSA MIN DEV CO LIMITED
ORKAY,ORKAY INDUSTRIES LIMITED
ORTEL,ORTEL COMMUNICATIONS LIMITED
ORTINLABSS,ORTIN LABORATORIES LIMITED
ORTONSYNTH,ORTON SYNTHETICS LIMITED
OSWALAGFUR,OSWAL AGRO FURANE LIMITED
OSWALAGRO,OSWAL AGRO MILLS LIMITED
OSWALSPG,OSWAL SPG & WEAVING MILLS
OSWALSUG,OSWAL SUGARS LIMITED
OTIS,OTIS ELEVATOR COMPANY (I)
OTOKLIN,OTOKLIN PLANTS & EQUIP. L
PAAMDRUG,PAAM DRUGS & PHARMA LIMITED
PAAMPHARMA,PAAM PHARMACEUTICALS LIMITED
PACIFICIND,PACIFIC INDUSTRIES LIMITED
PADMINPOLY,PADMINI TECHNOLOGIES  LIMITED
PAEL,PAE LIMITED
PAGEIND,PAGE INDUSTRIES LIMITED
PAISALO,PAISALO DIGITAL LIMITED
PALASHSECU,PALASH SECURITIES LIMITED
PALCREDIT,PAL CREDIT & CAPITAL LIMITED
PALREDTEC,PALRED TECHNOLOGIES LIMITED
PANACEABIO,PANACEA BIOTEC LIMITED
PANACHE,PANACHE DIGILIFE LIMITED
PANAMAPET,PANAMA PETROCHEM LIMITED
PANASIGLOB,PAN ASIA GLOBAL LIMITED
PANCARBON,PANA CARBON IND CO LIMITED
PANCHMSTEL,PANCHMAHAL STEEL LIMITED
PANDGRAPH,PANDIAN GRAPHITES (I) LIMITED
PANORAMUNI,PANORAMIC UNIVERSAL LIMITED
PANYAMCEM,PANYAM CEMENT MINING INDS
PAPERPROD,HUHTAMAKI PPL LIMITED
PARABDRUGS,PARABOLIC DRUGS LIMITED
PARACABLES,PARAMOUNT COMM LIMITED
PARAGMILK,PARAG MILK FOODS LIMITED.
PARAL,PAREKH ALUM. LIMITED
PARAPRINT,PARAMOUNT PRINTPACK LIMITED
PARASIND,PARASRAMPURIA INDUSTRIES
PARASPETRO,PARAS PETROFILS LIMITED.
PARRYAGRO,PARRY AGRO INDUSTRIES LIMITED
PARSSYNTH,PARASRAMPURIA SYNTHETICS
PARSVNATH,PARSVNATH DEVELOPER LIMITED
PASUPATSPG,PASHUPATI SPG & WVG MILLS
PASUPTACRY,PASUPATI ACRYLON LIMITED
PATELENG,PATEL ENGINEERING LIMITED.
PATINTLOG,PATEL INT. LOG. LIMITED
PATSPINLTD,PATSPIN INDIA LIMITED
PBAINFRA,PBA INFRASTRUCTURE LIMITED.
PCJEWELLER,PC JEWELLER LIMITED
PCL,PERTECH COMPUTERS LIMITED
PDMJEPAPER,PUDUMJEE PAPER PRO. LIMITED
PDPL,PARENTERAL DRUGS LIMITED
PDSMFL,PDS MULTINATIONAL FAS LIMITED
PEARLPOLY,PEARL POLYMERS LIMITED
PEERABASAN,PEERLESS ABASAN FINANCE L
PEL,PIRAMAL ENTERPRISES LIMITED
PENAPATSEC,PENNAR PATERSON LIMITED.
PENARSTEEL,PENNAR INDUSTRIES LIMITED
PENIND,PENNAR INDUSTRIES LIMITED
PENINLAND,PENINSULA LAND LIMITED
PENNARALUM,PENNAR ALUMINIUM CO LIMITED
PENPEBS,PENNAR ENG BLDG SYS LIMITED
PENTFRPROD,PENTAFOUR PRODUCTS LIMITED
PENTFRSOLC,PENTAFOUR SOLEC TECHNOLOG
PERMAGNET,PERMANENT MAGNETS LIMITED
PERSISTENT,PERSISTENT SYSTEMS LIMITED
PETRONENGG,PETRON ENGG CONSTRUCT LIMITED
PETRONET,PETRONET LNG LIMITED
PFC,POWER FIN CORP LIMITED.
PFIMXPHARM,PFIMEX PHARMACEUTICALS LT
PFIZER,PFIZER LIMITED
PFOCUS,PRIME FOCUS LIMITED
PFS,PTC INDIA FIN SERV LIMITED
PGEL,PG ELECTROPLAST LIMITED
PGHH,P&G HYGIENE & HEALTH CARE
PGHL,PROCTER & GAMBLE HEALTH L
PGIL,PEARL GLOBAL IND LIMITED
PHILIPCARB,PHILIPS CARBON BLACK LIMITED
PHILIPS,PHILIPS INDIA LIMITED
PHOENIXLL,PHOENIX LAMPS LIMITED
PHOENIXLTD,THE PHOENIX MILLS LIMITED
PHOENXINTL,PHOENIX INTERNATIONAL LIMITED
PICCADSUG,PICCADILLY SUGAR & ALLIED
PIDILITIND,PIDILITE INDUSTRIES LIMITED
PIIND,PI INDUSTRIES LIMITED
PILANIINVS,PILANI INV & IND COR LIMITED
PILITA,PIL ITALICA LIFESTYLE LIMITED
PINCON,PINCON SPIRIT LIMITED
PINDLTD,P I INDUSTRIES LIMITED
PIONDIST,PIONEER DIST LIMITED
PIONEEREMB,PIONEER EMBROIDERIES LIMITED
PIRPHYTO,PIRAMAL PHYTOCARE LIMITED
PITTIECEM,PITTIE CEMENT LIMITED
PITTIEFIN,PITTIE FINANCE LIMITED
PITTIENG,PITTI ENGINEERING LIMITED
PKTEA,THE P K TEA PROD CO LIMITED
PLASTIBLEN,PLASTIBLENDS INDIA LIMITED
PLETHICO,PLETHICO PHARMACE LIMITED
PNB,PUNJAB NATIONAL BANK
PNBGILTS,PNB GILTS LIMITED
PNBHOUSING,PNB HOUSING FIN LIMITED.
PNC,PRITISH NANDY COMMUNICATI
PNCINFRA,PNC INFRATECH LIMITED.
POCHIRAJU,POCHIRAJU IND LIMITED
PODARPIGMT,PODDAR PIGMENTS LIMITED
PODDARHOUS,PODDAR HOUSE & DVPT LIMITED
PODDARMENT,PODDAR PIGMENTS LIMITED
POKARNA,POKARNA LIMITED
POLARIS,POLARIS CONSULTG & SER LT
POLYCAB,POLYCAB INDIA LIMITED
POLYMED,POLY MEDICURE LIMITED
POLYPLEX,POLYPLEX CORPORATION LIMITED
PONDYOXIDE,PONDY OXIDE LIMITED
PONNIERODE,PONNIE SUGARS (ERODE) LIMITED
PORRITSPEN,PORRITTS & SPENCER (ASIA)
POWERGRID,POWER GRID CORP. LIMITED.
POWERINDIA,ABB POWER PRO N SYS IND L
POWERMECH,POWER MECH PROJECTS LIMITED.
PPAP,PPAP AUTOMOTIVE LIMITED
PPIL,PHARMACEUTICALS PRODUCTS
PPL,PRAKASH PIPES LIMITED
PRABHAT,PRABHAT DAIRY LIMITED
PRADIP,PRADIP OVERSEAS LIMITED
PRAENG,PRAJAY ENG. SYN. LIMITED.
PRAGBOSIMI,PRAG BOSIMI SYNTHETICS LT
PRAJIND,PRAJ INDUSTRIES LIMITED
PRAKASH,PRAKASH INDUSTRIES LIMITED
PRAKASHSTL,PRAKASH STEELAGE LIMITED
PRASGLOFIN,SILICON VALLEY INFOTECH
PRATIBHA,PRATIBHA INDS. LIMITED.
PRAXIS,PRAXIS HOME RETAIL LIMITED
PRECAM,PRECISION CAMSHAFTS LIMITED.
PRECIMDIAM,PRECIMET DIAMONDS (I) LIMITED
PRECOT,PRECOT MERIDIAN LIMITED
PRECSNFAST,PRECISION FASTENERS LIMITED
PRECWIRE,PRECISION WIRES INDIA LIMITED
PREMEXPLN,PREMIER EXPLOSIVES LIMITED
PREMIER,PREMIER LIMITED
PREMIERPOL,PREMIER POLYFILM LIMITED
PREMVINYL,PREMIER VINYL FLOORING LT
PRESSMN,PRESSMAN ADVERTISING LIMITED
PRESTIGE,PRESTIGE ESTATE LIMITED
PRICOLLTD,PRICOL LIMITED
PRIMESECU,PRIME SECURITIES LIMITED
PRINCEPIPE,PRINCE PIPES FITTINGS LIMITED
PRITHVI,PRITHVI INFO. SOLN. LIMITED.
PRIYADCEM,PRIYADARSHINI CEMENT LIMITED
PRIYADYES,PRIYA LIMITED.
PROSEED,PROSEED INDIA LIMITED
PROVOGE,PROVOGUE (INDIA) LIMITED
PROZONINTU,PROZONE INTU PROPRTIS LIMITED
PRSMJOHNSN,PRISM JOHNSON LIMITED
PSB,PUNJAB & SIND BANK
PSIDATASYS,PSI DATA SYSTEMS LIMITED
PSL,PSL LIMITED
PSMSPGMILL,PSM SPINNING MILLS LIMITED
PSPPROJECT,PSP PROJECTS LIMITED
PSUBKBENAV,PSU BANK BEES NAV
PSUBNKBEES,NIPP IN ETF PSU BANK BEES
PTC,PTC INDIA LIMITED
PTL,PTL ENTERPRISES LIMITED
PUNALKALI,PUNJAB ALKALIES & CHEMICA
PUNANDLAMP,PUNJAB ANAND LAMPS LIMITED
PUNJABCHEM,PUNJAB CHEM & CROP PROT L
PUNJABWIRE,PUNJAB WIRELESS SYSTEMS L
PUNJABWOOL,PUNJAB WOOLCOMBERS LIMITED
PUNJCOMMU,PUNJAB COMMUNICATIONS LIMITED
PUNJLLOYD,PUNJ LLOYD LIMITED
PUNSUMI,PUNSUMI (I) LIMITED
PURVA,PURAVANKARA LIMITED
PVP,PVP VENTURES LIMITED
PVR,PVR LIMITED
QGOLDHALF,QUANTUM GOLD FUND
QNIFTY,QUANTUM NIFTY ETF
QUESS,QUESS CORP LIMITED
QUICKHEAL,QUICK HEAL TECH LIMITED
QUINTEGRA,QUINTEGRA SOLUTIONS LIMITED.
RADAAN,RADAAN MEDIAWORKS (I) LIMITED
RADICO,RADICO KHAITAN LIMITED
RADICOKHAI,RADICO KHAITAN LIMITED
RADIOCITY,MUSIC BROADCAST LIMITED
RAIN,RAIN INDUSTRIES LIMITED
RAINBOWPAP,RAINBOW PAPERS LIMITED
RAINBOWPPR,RAINBOW PAPERS LIMITED
RAJASBREW,RAJASTHAN BREWERIES LIMITED
RAJASPETRO,RAJASTHAN PETRO SYNTHETIC
RAJESHEXPO,RAJESH EXPORTS LIMITED
RAJOIL,RAJ OIL MILLS LIMITED
RAJRATAN,RAJRATAN GLOBAL WIRE LIMITED
RAJRAYON,RAJ RAYON INDUSTRIES LIMITED
RAJSREESUG,RAJSHREE SUGAR & CHEMICAL
RAJTV,RAJ TV NETWORK LIMITED
RAJVIR,RAJVIR INDUSTRIES LIMITED
RALLIS,RALLIS INDIA LIMITED
RAMADHOTEL,ADVANI HOTELS & RESORTS I
RAMANEWS,SHREE RAMA NEWSPRINT LIMITED
RAMAPETRO,RAMA PETROCHEMICALS LIMITED
RAMAPHOSP,RAMA PHOSPHATES LIMITED
RAMASTEEL,RAMA STEEL TUBES LIMITED
RAMAVISION,RAMA VISION LIMITED
RAMCOCEM,THE RAMCO CEMENTS LIMITED
RAMCOIND,RAMCO INDUSTRIES LIMITED
RAMCOSYS,RAMCO SYSTEMS LIMITED.
RAMGOPOLY,RAMGOPAL POLYTEX LIMITED
RAMKY,RAMKY INFRA LIMITED
RAMSARUP,RAMSARUP INDUSTRIES LIMITED.
RANASUG,RANA SUGARS LIMITED.
RANEENGINE,RANE ENG VALVE LIMITED
RANEHOLDIN,RANE HOLDINGS LIMITED
RANKAQUA,RANK INDUSTRIES LIMITED
RASLAMIPAK,RAS PROPACK LAMIPACK LIMITED
RASOYPR,RASOYA PROTEINS LIMITED
RATHIALLOY,RATHI ALLOYS AND STEELS L
RATNAMANI,RATNAMANI MET & TUB LIMITED.
RAVALSUGAR,RAVALGAON SUGAR FARM LIMITED
RAYMOND,RAYMOND LIMITED
RAYMONDSYN,RECRON SYNTHETICS LIMITED
RBL,RANE BRAKE LINING LIMITED
RBLBANK,RBL BANK LIMITED
RCF,RASHTRIYA CHEMICALS & FER
RCOM,RELIANCE COMMUNICATIONS L
READYFOOD,READY FOODS LIMITED
RECKCOLMAN,RECKITT BENCKISER (I) LIMITED
RECLTD,REC LIMITED
REDINGTON,REDINGTON (INDIA) LIMITED.
REFEX,REFEX INDUSTRIES LIMITED
REGENCERAM,REGENCY CERAMICS LIMITED.
REIAGROLTD,REI AGRO LIMITED
REILPROD,REIL PRODUCTS LIMITED
REISIXTEN,REI SIX TEN RETAIL LIMITED
REL100NAV,RELCAPAMC - RELCNX100
RELAXO,RELAXO FOOT LIMITED.
RELAXOFOOT,RELAXO FOOTWEAR LIMITED
RELBANKNAV,R SHARES BANKING ETF
RELCAPITAL,RELIANCE CAPITAL LIMITED
RELCONSNAV,RELCAPAMC - RELCONS
RELDIVNAV,RELCAPAMC - RELDIVOPP
RELGOLDNAV,R SHARES GOLD ETF
RELIANCE,RELIANCE INDUSTRIES LIMITED
RELIGARE,RELIGARE ENTER. LIMITED.
RELINFRA,RELIANCE INFRASTRUCTU LIMITED
RELNV20NAV,RELCAPAMC - RELNV20
REMIMETAL,REMI METALS GUJARAT LIMITED
REMSONSIND,REMSONS INDUSTRIES LIMITED
RENCOGEAR,RENCO GEARS LIMITED
RENIFTYNAV,RELCAPAMC - RELNIFTY
RENUKA,SHREE RENUKA SUGARS LIMITED
REPCOHOME,REPCO HOME FINANCE LIMITED
REPLENGINE,REPL ENGINEERING LIMITED
REPRO,REPRO INDIA LIMITED
RESPONIND,RESPONSIVE INDUSTRIES LIMITED
REVATHI,REVATHI EQUIPMENT LIMITED
RGL,RENAISSANCE GLOBAL LIMITED
RHFL,RELIANCE HOME FINANCE LIMITED
RICHSILK,RICHIMEN SILK LIMITED
RICOAUTO,RICO AUTO INDUSTRIES LIMITED
RIIL,RELIANCE INDUSTRIAL INFRA
RIL-RE,RELIANCE INDUSTRIES RE
RISHIPACK,RISHI PACKERS LIMITED
RITES,RITES LIMITED
RKDL,RAVI KUMAR DIST. LIMITED.
RKFORGE,RAMKRISHNA FORGINGS LIMITED
RMCL,RADHA MADHAV CO. LIMITED.
RML,RANE (MADRAS) LIMITED
RMMIL,RESURGERE MINES & MINERAL
RNAVAL,RELIANCE NAVAL & ENGG LIMITED
ROHITFERRO,ROHIT FERRO-TECH LIMITED
ROHLTD,ROYAL ORCHID HOTELS LIMITED
ROLATAN,ROLLATAINERS LIMITED
ROLLT,ROLLATAINERS LIMITED
ROLTA,ROLTA INDIA LIMITED
ROMIND,ROM INDUSTRIES LIMITED
ROSSELL,ROSSELL INDUSTRIES LIMITED
ROSSELLIND,ROSSELL INDIA LIMITED
ROYALCUSHN,ROYAL CUSHION VINYL PRODU
RPGLIFE,RPG LIFE SCIENCES LIMITED
RPOWER,RELIANCE POWER LIMITED.
RPPINFRA,R.P.P INFRA PROJECTS LIMITED
RSSOFTWARE,R. S. SOFTWARE (INDIA) LI
RSWM,RSWM LIMITED
RSYSTEMS,R SYS INTERNATIONAL LIMITED
RTNINFRA,RATTANINDIA INFRA LIMITED
RTNPOWER,RATTANINDIA POWER LIMITED
RUBFILINTL,RUBFILA INTERNATIONAL LIMITED
RUBYMILLS,THE RUBY MILLS LIMITED
RUCHI,RUCHI SOYA INDUSTRIES LIMITED
RUCHINFRA,RUCHI INFRASTRUCTURE LIMITED
RUCHIRA,RUCHIRA PAPERS LIMITED
RUCHISOYA,RUCHI SOYA INDUSTRIES LIMITED
RUCHISTRIP,RUCHI STRIPS AND ALLOYS L
RUPA,RUPA & COMPANY LIMITED
RUSHIL,RUSHIL DECOR LIMITED
RVNL,RAIL VIKAS NIGAM LIMITED
S&SIND,S&S INDUSTRIES & ENTERPRI
S&SPOWER,S&S POWER SWITCHGEARS LIMITED
SABEVENTS,SAB EVENTS & GOVERNANCE
SABTN,SRI ADHIKARI BROS.
SADBHAV,SADBHAV ENGINEERING LIMITED
SADBHIN,SADBHAV INFRA PROJ LIMITED.
SAFARI,SAFARI IND (INDIA) LIMITED
SAGARCEM,SAGAR CEMENTS LIMITED
SAGARDEEP,SAGARDEEP ALLOYS LIMITED
SAGCEM,SAGAR CEMENTS LIMITED
SAIL,STEEL AUTHORITY OF INDIA
SAISERVICE,SAI SERVICES STATION LIMITED
SAITELE,SAI TELEVISION LIMITED.
SAKAR,SAKAR HEALTHCARE LIMITED
SAKHTISUG,SAKTHI SUGARS LIMITED
SAKSOFT,SAKSOFT LIMITED
SAKTHIFIN,SAKTHI FINANCE LIMITED
SAKUMA,SAKUMA EXPORTS LIMITED
SALASAR,SALASAR TECHNO ENGG. LIMITED.
SALONA,SALONA COTSPIN LIMITED.
SALORAINTL,SALORA INTERNATIONAL LIMITED
SALSTEEL,S.A.L. STEEL LIMITED.
SALZERELEC,SALZER ELECTRONICS LIMITED
SAMBHAAV,SAMBHAAV MEDIA LIMITED
SAMTEL,SAMTEL COLOR LIMITED
SAMTELTD,SAMTEL (I) LIMITED
SANCO,SANCO INDUSTRIES LIMITED
SANDESH,SANDESH LIMITED
SANDHAR,SANDHAR TECHNOLOGIES LIMITED
SANDVIKAS,SANDVIK ASIA LIMITED
SANGAMIND,SANGAM (INDIA) LIMITED
SANGHIIND,SANGHI INDUSTRIES LIMITED
SANGHVIFOR,SANGHVI FOR & ENG LIMITED
SANGHVIMOV,SANGHVI MOVERS LIMITED
SANGINITA,SANGINITA CHEMICALS LIMITED
SANOFI,SANOFI INDIA LIMITED
SANWARIA,SANWARIA CONSUMER LIMITED
SARASIND,SARASWATI INDL SYNDICATE
SARDAEN,SARDA ENERGY & MIN LIMITED
SAREGAMA,SAREGAMA INDIA LIMITED
SARLAPOLY,SARLA PERF. FIBERS LIMITED
SASKEN,SASKEN TECHNOLOGIES LIMITED
SASTASUNDR,SASTASUNDAR VENTURES LIMITED
SATHAISPAT,SATHAVAHANA ISPAT LIMITED
SATHVANISP,SATHAVAHANA ISPAT LIMITED
SATIA,SATIA INDUSTRIES LIMITED
SATIN,SATIN CREDIT NET LIMITED
SATYAMCEM,SATYAM CEMENTS LIMITED
SAURASHCEM,SAURASHTRA CEMENT LIMITED
SAURASTPPR,SAURASHTRA PAPER & BOARD
SAYAJHOTEL,SAYAJI HOTELS LIMITED
SBBJ,STATE BANK OF BIKANER & J
SBICARD,SBI CARDS & PAY SER LIMITED
SBIETFQLTY,SBIAMC - SBIETFQLTY
SBIHOMEFIN,SBI HOME FINANCE LIMITED
SBILIFE,SBI LIFE INSURANCE CO LIMITED
SBIN,STATE BANK OF INDIA
SBT,STATE BANK OF TRAVANCORE
SCAPDVR,STAMPEDE CAPITAL LIMITED
SCHAEFFLER,SCHAEFFLER INDIA LIMITED
SCHAND,S CHAND AND COMPANY LIMITED
SCHNEIDER,SCHNEIDER ELECTRIC INFRA
SCI,SHIPPING CORP OF INDIA LT
SDBL,SOM DIST & BREW LIMITED
SEAMECLTD,SEAMEC LIMITED
SECALS,SECALS LIMITED
SELAN,SELAN EXPLO. TECH LIMITED
SELMCL,SEL MANU. CO. LIMITED.
SEPOWER,S.E. POWER LIMITED
SEQUENT,SEQUENT SCIENTIFIC LIMITED.
SERENDYSTF,SERENE INDUSTRIES LIMITED
SERVALL,SERVALAKSHMI PAPER LIMITED
SESHAPAPER,SESHASAYEE PAPER & BOARDS
SETCO,SETCO AUTOMOTIVE LIMITED
SETF10GILT,SBIAMC - SETF10GILT
SETFGOLD,SBI-ETF GOLD
SETFNIF50,SBI-ETF NIFTY 50
SETFNIFBK,SBI-ETF NIFTY BANK
SETFNN50,SBI-ETF NIFTY NEXT 50
SETUINFRA,SETUBANDHAN INFRA LIMITED
SEYAIND,SEYA INDUSTRIES LIMITED
SEZAL,SEZAL GLASS LIMITED
SFL,SHEELA FOAM LIMITED
SGFL,SHREE GANESH FORG. LIMITED
SGJHL,SH GANESH JEWEL HOUS(I)LT
SGL,STL GLOBAL LIMITED
SHAANINTER,SHAAN INTERWEL (I) LIMITED
SHAHALLOYS,SHAH ALLOYS LIMITED
SHAKTIPUMP,SHAKTI PUMPS (I) LIMITED
SHALBY,SHALBY LIMITED
SHALMPAINT,SHALIMAR PAINTS LIMITED
SHALPAINTS,SHALIM PAINTS LIMITED
SHAMKNFAB,SHAMKEN MULTIFAB LIMITED
SHAMKNSPIN,SHAMKEN SPINNERS LIMITED
SHANKARA,SHANKARA BLDG PRODUCT LIMITED
SHANTIGEAR,SHANTHI GEARS LIMITED
SHARDACROP,SHARDA CROPCHEM LIMITED.
SHARDAMOTR,SHARDA MOTOR INDS LIMITED
SHARDATERY,SHARDA TERRY PRODUCTS LIMITED
SHARIABEES,NIPP IND ETF SHARIAH BEES
SHARIBENAV,SHARIAH BEES NAV
SHARONBIO,SHARON BIO-MEDI LIMITED
SHARTSEFOD,SHARAT INDUSTRIES LIMITED
SHARYANRES,SHARYANS RESOURCES LIMITED
SHAWALLACE,SHAW WALLACE LIMITED
SHAWGELTIN,SHAW WALLACE GELATINES
SHEMAROO,SHEMAROO ENTER. LIMITED.
SHETRON,SHETRON LIMITED
SHIL,SOMANY HOM INNOVATION LIMITED
SHILPAMED,SHILPA MEDICARE LIMITED
SHILPI,SHILPI CABLE TECH LIMITED
SHIRPUR-G,SHIRPUR GOLD REFINERY LIMITED
SHIVAJWORK,SHIVAJI WORKS LIMITED
SHIVAMAUTO,SHIVAM AUTO.LTD
SHIVAMILLS,SHIVA MILLS LIMITED
SHIVATEX,SHIVA TEXYARN LIMITED
SHIVTEX,SHIVA TEXYARN LIMITED
SHK,S H KELKAR AND CO. LIMITED.
SHLAKSHMI,SHRI LAKSHMI COTSYN LIMITED
SHOPERSTOP,SHOPPERS STOP LIMITED
SHOPINVFIN,SHOPPERS' INV & FIN  CO.
SHREAMBPPR,SHREE AMBESHWAR PPR MILLS
SHREDIGCEM,SHREE DIGVIJAY CEM CO LIMITED
SHREEASHTA,SHR ASTHVIN CINE VIS LIMITED
SHREECEM,SHREE CEMENT LIMITED
SHREEKRPET,ESKAY K 'N' IT (INDIA) LT
SHREEKRPOL,KRISHNA LIFESTYLE TECHNOL
SHREEPUSHK,SHRE PUSH CHEM & FERT LIMITED
SHREERAMA,SHREE RAMA MULTI TECH LIMITED
SHREESYNTH,SHREE SYNTHETICS LIMITED
SHRENIK,SHRENIK LIMITED
SHRENUJ,SHRENUJ & CO LIMITED
SHREPRECOT,SHREE PRECOATED STEELS LT
SHRERAJSYN,SHREE RAJASTHAN SYNTEX LT
SHREYANIND,SHREYANS INDUSTRIES LIMITED
SHREYAS,SHREYAS SHIPPING & LOGIST
SHRIASTER,SHRI ASTER SILICATES LIMITED
SHRIDINESH,SHRI DINESH MLLS LIMITED
SHRIPISTON,SHRIRAM PIST. & RING LIMITED
SHRIRAMCIT,SHRIRAM CITYUNI FIN.LTD.
SHRIRAMEPC,SHRIRAM EPC LIMITED.
SHRIYAMSEC,SHRIYAM SECURITIES LIMITED
SHUKRADIAM,SHUKRA DIAMONDS EXPORTS
SHYAMCENT,SHYAM CENTURY FERROUS LIMITED
SHYAMTEL,SHYAM TELECOM LIMITED
SICAGEN,SICAGEN INDIA LIMITED
SICAL,SICAL LOGISTICS LIMITED
SIDDHATUBE,SIDDHARTHA TUBES LIMITED
SIEL,SIEL LIMITED
SIEMENS,SIEMENS LIMITED
SIGIND,SIGNET INDUSTRIES LIMITED
SIGNET,SIGNET INDUSTRIES LIMITED
SIL,STANDARD INDUSTRIES LIMITED.
SILINV,SIL INVESTMENTS LIMITED
SILVERLINE,SILVERLINE TECHNOLOGIES L
SIMBHALS,SIMBHAOLI SUGARS LIMITED.
SIMBHALSUG,SIMBHAOLI SUGAR MILLS LIMITED
SIMPLEX,SIMPLEX PROJECTS LIMITED.
SIMPLEXCAS,SIMPLEX CASTING LIMITED
SIMPLEXINF,SIMPLEX INFRASTRUCTURES L
SINGER,SINGER INDIA LIMITED
SINTEX,SINTEX INDUSTRIES LIMITED
SIPAPER,SOUTH INDIA PAPER MILLS
SIRCA,SIRCA PAINT INDIA LIMITED
SIRIS,SIRIS LIMITED
SIRPAPER,SIRPUR PAPER MILLS LIMITED
SIS,SECURITY INTELL SERVICES
SITASHREE,SITA SHREE FOOD PROD LIMITED
SITINET,SITI NETWORKS LIMITED
SIYSIL,SIYARAM SILK MILLS LIMITED
SJVN,SJVN LIMITED
SKFINDIA,SKF INDIA LIMITED
SKIL,SKIL INFRASTRUCTURE LIMITED.
SKIPPER,SKIPPER LIMITED
SKMEGGPROD,SKM EGG PROD EXPORT(I) LT
SKSIND,SKS LIMITED
SKUMARSYNF,S KUMARS NATIONWIDE LIMITED
SMARTLINK,SMARTLINK HOLDINGS LIMITED
SMDYECHEM,S M DYECHEM LIMITED
SMLISUZU,SML ISUZU LIMITED
SMPL,SPLENDID METAL PRODUCTS L
SMSLIFE,SMS LIFESCIENCES (I) LIMITED
SMSPHARMA,SMS PHARMACEUTICALS LIMITED.
SNEHAIND,SNEHADHARA INDUSTRIES LIMITED
SNOWMAN,SNOWMAN LOGISTICS LIMITED.
SOBHA,SOBHA LIMITED
SOFTTECHGR,SOFTWARE TECHNOLOGY GROUP
SOLARA,SOLARA ACTIVE PHA SCI LIMITED
SOLARINDS,SOLAR INDUSTRIES (I) LIMITED
SOLARSNIND,SOLARSON INDUSTRIES LIMITED
SOLPHARMA,SOL PHARMACEUTICALS LIMITED
SOMANISWIS,SOMANI SWISS INDS LIMITED
SOMANYCERA,SOMANY CERAMICS LIMITED
SOMATEX,SOMA TEXTILES & INDUST LT
SOMDUTTFIN,SOM DUTT FIN. CORP. LIMITED
SOMICONVEY,SOMI CONVEYOR BELT. LIMITED.
SOMKMARINE,SOMKAN MARINE FOODS LIMITED
SONALCOSM,SONAL COSMETICS LIMITED
SONATSOFTW,SONATA SOFTWARE LIMITED
SORILINFRA,SORIL INFRA RESOURCES LIMITED
SOTL,SAVITA OIL TECHNOLO. LIMITED
SOUTHBANK,THE SOUTH INDIAN BANK LIMITED
SOUTHNHERB,SOUTHERN HERBALS LIMITED
SOUTHWEST,SOUTH WEST PINNACLE LIMITED
SPAL,S. P. APPARELS LIMITED
SPANDANA,SPANDANA SPHOORTY FIN LIMITED
SPARC,SUN PHARMA ADV.RES.CO.LTD
SPARTEK,SPARTEK CERAMICS (I) LIMITED
SPCENET,SPACENET ENTERS IND LIMITED
SPECIALITY,SPECIALITY REST LIMITED
SPECIALSTL,TATA SSL LIMITED
SPECTACLE,SPECTACLE VENTURES LIMITED
SPENCERS,SPENCER'S RETAIL LIMITED
SPENTEX,SPENTEX IND. LIMITED
SPENTXIND,SPENTEX INDUSTRIES LIMITED
SPIC,SPIC LIMITED
SPICEJET,SPICEJET LIMITED
SPICELEC,SPEL SEMICONDUCTOR LIMITED
SPICFINE,HENKEL SPIC INDIA LIMITED
SPLIL,SPL INDUSTRIES LIMITED
SPMLINFRA,SPML INFRA LIMITED
SPTL,SINTEX PLASTICS TECH LIMITED
SPYL,SHEKHAWATI POLY-YARN LIMITED.
SREEL,SREELEATHERS LIMITED
SREERAYALK, SREE RAYALSEEMA ALKALIES
SREINFRA,SREI INFRASTRUCTURE FINAN
SRF,SRF LIMITED
SRFFINANCE,GE CAPITAL TRANS. FIN SER
SRHHYPOLTD,SREE RAYALSEEMA HHP LIMITED.
SRIMANORG,SRIMAN ORGANIC CHEMICAL I
SRIPIPES,SRIKALAHASTHI PIPES LIMITED
SRISARALOY,SHRI ISHAR ALLOY STEELS L
SRISHTIVID,SRISHTI VIDEOCORP LIMITED
SRIVISHCEM,SRI VISHNU CEMENT LIMITED
SRSLTD,SRS LIMITED
SRTRANSFIN,SHRIRAM TRANSPORT FIN CO.
SSISPAT,SINGHAL SWAROOP ISPAT LIMITED
SSLFINANCE,ARCHANA SOFTWARE LIMITED
SSWL,STEEL STRIPS WHEELS LIMITED.
STAMPEDE,STAMPEDE CAPITAL LIMITED
STANDRDBAT,STANDARD BATTERIES LIMITED
STAR,STRIDES PHARMA SCI LIMITED
STARCEMENT,STAR CEMENT LIMITED
STARPAPER,STAR PAPER MILLS LIMITED
STCINDIA,THE STATE TRADING CORPN
STEELCITY,STEEL CITY SECURITIES LIMITED
STEELCOGUJ,STEELCO GUJARAT LIMITED
STEELXIND,STEEL EXCHANGE INDIA LIMITED
STEL,STEL HOLDINGS LIMITED
STERLINBIO,STERLING BIOTECH LIMITED
STERLINHOL,STERLING HOLIDAY RESORTS
STERTOOLS,STERLING TOOLS LIMITED
STILBENCHM,STILBENE CHEMICALS LIMITED
STINDIA,STI INDIA LIMITED
STRAUSIND,STRAUS INDS & EXPORTS LIMITED
STRTECH,STERLITE TECHNOLOGIES LIMITED
SUASHDIMON,SUASHISH DIAMONDS LIMITED
SUBCAPCITY,INTERNATIONAL CONST LIMITED
SUBEX,SUBEX LIMITED
SUBROS,SUBROS LIMITED
SUDAR,SUDAR INDUSTRIES LIMITED
SUDARSCHEM,SUDARSHAN CHEMICAL INDS L
SUDITIND,SUDITI INDUSTRIES LIMITED
SUJANAUNI,SUJANA UNI. INDS. LIMITED.
SULZER,SULZER INDIA LIMITED
SUMANMOTEL,SUMAN MOTELS LIMITED
SUMEETINDS,SUMEET IND LIMITED
SUMEETMACH,SUMEET MACHINES LIMITED
SUMICHEM,SUMITOMO CHEM INDIA LIMITED
SUMIT,SUMIT WOODS LIMITED
SUMMITSEC,SUMMIT SECURITIES LIMITED
SUNCLAYLTD,SUNDARAM CLAYTON LIMITED
SUNDARAM,SUNDARAM MULTI PAP LIMITED
SUNDARMFIN,SUNDARAM FINANCE LIMITED
SUNDARMHLD,SUNDARAM FINANCE HOLD LIMITED
SUNDRMBRAK,SUNDARAM BRAK LININGS LIMITED
SUNDRMFAST,SUNDRAM FASTENERS LIMITED
SUNFLAG,SUNFLAG IRON AND STEEL CO
SUNILHITEC,SUNIL HITECH ENGR. LIMITED
SUNPHARMA,SUN PHARMACEUTICAL IND L
SUNRISESEC,SUNRISE SECURITIES LIMITED
SUNSTRCHEM,SUNSTAR CHEMICALS LIMITED
SUNTECK,SUNTECK REALTY LIMITED
SUNTV,SUN TV NETWORK LIMITED
SUPERFORGE,SUPER FORGINGS AND STEELS
SUPERHOUSE,SUPERHOUSE LIMITED
SUPERSALES,SUPER SALES AGENCIES LIMITED
SUPERSPIN,SUPER SPINNING MILLS LIMITED
SUPPETRO,SUPREME PETROCHEMICALS LT
SUPRAJIT,SUPRAJIT ENGINEERING LIMITED
SUPREMEIND,SUPREME INDUSTRIES LIMITED
SUPREMEINF,SUPREME INFRA. LIMITED.
SUPREMETEX,SUPREME TEX MART LIMITED
SURANACORP,SURANA CORPORATION LIMITED
SURANAIND,SURANA INDUSTRIES LIMITED
SURANASOL,SURANA SOLAR LIMITED
SURANAT&P,SURANA TELECOM AND POW LT
SURYAGROIL,SURYA AGROILS LIMITED
SURYAJYOTI,SURYAJYOTI SPIN.MILLS LIMITED
SURYALAXMI,SURYALAKSHMI COT MIL LIMITED
SURYAPHARM,SURYA PHARMACEUTICAL LIMITED.
SURYAROSNI,SURYA ROSHNI LIMITED
SURYVANSPG,SURYAVANSHI SPG MILLS LIMITED
SUTLEJTEX,SUTLEJ TEXT & INDUS LIMITED
SUVARNAQUA,SUVARNA AQUA FARMS AND EX
SUVEN,SUVEN LIFE SCIENCES LIMITED
SUVENPHAR,SUVEN PHARMACEUTICALS LIMITED
SUZLON,SUZLON ENERGY LIMITED
SUZLONFIBR,SUZLON FIBRES LIMITED
SVADMILLS,SVADESHI MILLS CO LIMITED
SVOGL,SVOGL OIL GAS & ENERGY LT
SWANENERGY,SWAN ENERGY LIMITED
SWARAJENG,SWARAJ ENGINES LIMITED
SWELECTES,SWELECT ENERGY SYS LIMITED
SWIL,SWIL LIMITED
SWSOLAR,STERLING & WILSON SO LIMITED
SYMPHONY,SYMPHONY LIMITED
SYNCOM,SYNCOM HEALTHCARE LIMITED
SYNDIBANK,SYNDICATE BANK
SYNGENE,SYNGENE INTERNATIONAL LIMITED
TAINWALCHM,TAINWALA CHEMICAL AND PLA
TAJGVK,TAJ GVK HOTELS & RESORTS
TAKE,TAKE SOLUTIONS LIMITED
TALBROAUTO,TALBROS AUTO. COMP. LIMITED
TALWALKARS,TALWALKAR FITNESS LIMITED
TALWGYM,TALWALKARS HEALTHCLUB LIMITED
TANEJAERO,TANEJA AEROSPACE AND AVIA
TANFAC,TANFAC INDUSTRIES LIMITED
TANFACIND,TANFAC IND LIMITED
TANLA,TANLA SOLUTIONS LIMITED
TANTIACONS,TANTIA CONST LIMITED
TARAJEWELS,TARA JEWELS LIMITED
TARAPUR,TARAPUR TRANSFORMERS LIMITED
TARMAT,TARMAT LIMITED
TASTYBITE,TASTY BITE EATABLES LIMITED
TATACHEM,TATA CHEMICALS LIMITED
TATACOFFEE,TATA COFFEE LIMITED
TATACOMM,TATA COMMUNICATIONS LIMITED
TATACONSUM,TATA CONSUMER PRODUCT LIMITED
TATADVMATL,TATA ADVANCED MATERIALS L
TATAELXSI,TATA ELXSI LIMITED
TATAINVEST,TATA INVESTMENT CORP LIMITED
TATAMETALI,TATA METALIKS LIMITED
TATAMOTORS,TATA MOTORS LIMITED
TATAMTRDVR,TATA MOTORS DVR 'A' ORD
TATAPOWER,TATA POWER CO LIMITED
TATASTEEL,TATA STEEL LIMITED
TATASTLBSL,TATA STEEL BSL LIMITED
TATASTLLP,TATA STEEL LONG PRO LIMITED
TATAUNISYS,TATA INFOTECH LIMITED.
TATAYODOGA,TATA YODOGAWA LIMITED
TATIASKYLN,TATIA SKYLINES AND HEALTH
TBZ,TRIB BHIMJI ZAVERI LIMITED
TCI,TRANSPORT CORPN OF INDIA
TCIDEVELOP,TCI DEVELOPERS LIMITED
TCIEXP,TCI EXPRESS LIMITED
TCIFINANCE,TCI FINANCE LIMITED
TCNSBRANDS,TCNS CLOTHING CO. LIMITED
TCPLPACK,TCPL PACKAGING LIMITED
TCS,TATA CONSULTANCY SERV LT
TDPOWERSYS,TD POWER SYSTEMS LIMITED.
TEAMLEASE,TEAMLEASE SERVICES LIMITED.
TECHIN,TECHINDIA NIRMAN LIMITED
TECHM,TECH MAHINDRA LIMITED
TECHNO,TECHNO ELT & ENG CO. LIMITED
TECHNOE,TECHNO ELEC & ENG CO. LIMITED
TECHNOFAB,TECHNOFAB ENG LIMITED
TECILCHEM,TECIL CHEM AND HYDRO POWE
TECPRO,TECPRO SYSTEMS LIMITED
TEJASNET,TEJAS NETWORKS LIMITED
TELEPHNCAB,TELEPHONE CABLES LIMITED
TERASOFT,TERA SOFTWARE LIMITED
TEXINFRA,TEXMACO INFRA & HOLDG LIMITED
TEXMOPIPES,TEXMO PIPE & PRODUCTS LIMITED
TEXRAIL,TEXMACO RAIL & ENG. LIMITED.
TEXTOOL,TEXTOOL CO LIMITED
TFCILTD,TOURISM FINANCE CORP. OF
TFL,TRANSWARRANTY FIN. LIMITED.
TGBHOTELS,TGB BANQUETS&HOTELS LIMITED
THANGAMAYL,THANGAMAYIL JEWELLERY LIMITED
THAPARAGRO,THAPAR AGRO MILLS LIMITED
THAPARMILK,THAPAR MILK LIMITED
THAPRISPAT,THAPAR ISPAT LIMITED
THEINVEST,THE INVEST TRUST OF IND L
THEMISMED,THEMIS MEDICARE LIMITED.
THERMAX,THERMAX LIMITED
THIRUSUGAR,THIRU AROORAN SUGARS LIMITED
THOMASCOOK,THOMAS COOK (INDIA) LIMITED
THOMASCOTT,THOMAS SCOTT (INDIA) LIMITED
THYROCARE,THYROCARE TECH LIMITED
TI,TILAKNAGAR INDUSTRIES LIMITED
TIDEWATER,TIDE WATER OIL LIMITED
TIIL,TECHNOCRAFT IND LIMITED
TIINDIA,TUBE INVEST OF INDIA LIMITED
TIJARIA,TIJARIA POLYPIPES LIMITED
TIL,TIL LIMITED
TIMBOR,TIMBOR HOME LIMITED
TIMESGTY,TIMES GUARANTY LIMITED
TIMETECHNO,TIME TECHNOPLAST LIMITED.
TIMEXWATCH,TIMEX WATCHES LIMITED
TIMKEN,TIMKEN INDIA LIMITED.
TINPLATE,THE TINPLATE CO. (I) LIMITED
TIPSINDLTD,TIPS INDUSTRIES LIMITED
TIRUMALCHM,THIRUMALAI CHEMICALS LIMITED
TITAGRSTEL,TITAGARH INDUSTRIES LIMITED
TITAN,TITAN COMPANY LIMITED
TMRVL,THE MANDHANA RET VENT LIMITED
TMTINDIA,T M T (INDIA) LIMITED
TNPETRO,TAMILNADU PETROPRODUCTS L
TNPL,TAMILNADU NEWSPRT & PAPER
TNTELE,TAMILNADU TELECOMMUNICATI
TODAYS,TODAYS WRITING INSTRUMENT
TOKYOPLAST,TOKYO PLAST INTL LIMITED
TOLANIBULK,TOLANI BULK CARRIERS LIMITED
TORNTPHARM,TORRENT PHARMACEUTICALS L
TORNTPOWER,TORRENT POWER LIMITED
TORRENGUJ,TORRENT GUJARAT BIOTECH L
TORRENTCAB,TORRENT CABLES LIMITED
TOUCHWOOD,TOUCHWOOD ENTERTAIN LIMITED.
TPINDIA,T P I INDIA LIMITED
TPLPLASTEH,TPL PLASTECH LIMITED
TRANSCHEM,TRANSCHEM LIMITED
TRANSFREIT,TRANS-FREIGHT CONTAINERS
TRANSPEK,TRANSPEK INDUSTRY LIMITED
TREEHOUSE,TREE HOUSE EDU LIMITED
TREJHARA,TREJHARA SOLUTIONS LIMITED
TRENT,TRENT LIMITED
TRF,TRF LIMITED
TRICOM,TRICOM INDIA LIMITED
TRIDENT,TRIDENT LIMITED
TRIGYN,TRIGYN TECHNOLOGIES LIMITED
TRIL,TRANS & RECTI. LIMITED
TRITURBINE,TRIVENI TURBINE LIMITED
TRIVENI,TRIVENI ENGG. & INDS. LIMITED
TRIVENSHET,TRIVENI GLASS LIMITED
TTGIND,T T G INDUSTRIES LIMITED
TTKHLTCARE,TTK HEALTHCARE LIMITED
TTKPRESTIG,TTK PRESTIGE LIMITED
TTL,T T LIMITED
TTML,TATA TELESERV(MAHARASTRA)
TULIP,TULIP TELECOM LIMITED
TULSI,TULSI EXTRUSION LIMITED.
TULSYAN,TULSYAN NEC LIMITED
TUTICORALK,TUTICORIN ALKALI CHEMICAL
TV18BRDCST,TV18 BROADCAST LIMITED
TVSELECT,TVS ELECTRONICS LIMITED
TVSMOTOR,TVS MOTOR COMPANY  LIMITED
TVSSRICHAK,TVS SRICHAKRA LIMITED
TVTODAY,TV TODAY NETWORK LIMITED
TVVISION,TV VISION LIMITED
TWILITAKA,TWILIGHT LITAKA PHARMA
TWL,TITAGARH WAGONS LIMITED.
UBENGG,UB ENGINEERING LIMITED
UBHOLDINGS,UNITED BREW. (HOLD.) LIMITED
UBL,UNITED BREWERIES LIMITED
UCALFUEL,UCAL FUEL SYSTEMS LIMITED
UCOBANK,UCO BANK
UFLEX,UFLEX LIMITED
UFO,UFO MOVIEZ INDIA LIMITED.
UGARSUGAR,THE UGAR SUGAR WORKS LIMITED
UJAAS,UJAAS ENERGY LIMITED
UJJIVAN,UJJIVAN FIN. SERVC. LIMITED.
UJJIVANSFB,UJJIVAN SMALL FINANC BANK
ULTRACEMCO,ULTRATECH CEMENT LIMITED
ULTRMARINE,ULTRAMARINE & PIGMENTS
UMANGDAIRY,UMANG DAIRIES LIMITED
UMESLTD,USHA MARTIN EDU & SOL LIMITED
UNICHEMLAB,UNICHEM LABORATORIES LIMITED
UNIENTER,UNIPHOS ENTERPRISES LIMITED
UNIFLEX,UNIFLEX CABLES LIMITED
UNIMIN,UNIMIN INDIA LIMITED
UNIONBANK,UNION BANK OF INDIA
UNIPLAS,UNIPLAS INDIA LIMITED
UNIPLY,UNIPLY INDUSTRIES LIMITED
UNITECH,UNITECH LIMITED
UNITEDBNK,UNITED BANK OF INDIA
UNITEDTEA,UNITED NILGIRI TEA LIMITED
UNITY,UNITY INFRAPROJECTS LIMITED
UNIVASTU,UNIVASTU INDIA LIMITED
UNIVCABLES,UNIVERSAL CABLES LIMITED
UNIVPHOTO,UNIVERSUS IMAGINGS LIMITED
UPL,UPL LIMITED
URJA,URJA GLOBAL LIMITED
USHAINDIA,USHA (INDIA) LIMITED
USHAISPAT,USHA ISPAT (I) LIMITED
USHAMART,USHA MARTIN LIMITED.
USHDEVINT,USHDEV INTERNATIONAL LIMITED
USHERAGRO,USHER AGRO LIMITED
UTINEXT50,UTIAMC - UTINEXT50
UTINIFTETF,UTIAMC - UTINIFTETF
UTISENSETF,UTIAMC - UTISENSETF
UTISXN50,UTIAMC - UTISXN50
UTIUS64-RI,UTI-US64(REINVESTMENT)
UTTAMSTL,UTTAM GALVA STEELS LIMITED
UTTAMSUGAR,UTTAM SUGAR MILLS LIMITED.
UTTAMVALUE,UTTAM VALUE STEELS LIMITED
UVSL,UTTAM VALUE STEELS LIMITED
V2RETAIL,V2 RETAIL LIMITED
VADILALIND,VADILAL INDUSTRIES LIMITED
VAIBHAVGBL,VAIBHAV GLOBAL LIMITED
VAISHALI,VAISHALI PHARMA LIMITED
VAKRANGEE,VAKRANGEE LIMITED
VALECHAENG,VALECHA ENG. LIMITED
VALUEIND,VALUE INDUSTRIES LIMITED
VANADYCHEM,VANAVIL DYES AND CHEMICAL
VARDHACRLC,VARDHAMAN ACRYLICS LIMITED
VARDMNPOLY,VARDHMAN POLYTEX LIMITED.
VARROC,VARROC ENGINEERING LIMITED.
VARUN,VARUN INDUS. LIMITED.
VARUNSEA,VARUN SEACON LIMITED
VASCONEQ,VASCON ENGINEERS LIMITED
VASWANI,VASWANI IND LIMITED
VATSALTD,VATSA CORPORATIONS  LIMITED
VATSMUSC,VATSA MUSIC LIMITED
VBDESAIFIN,V B DESAI FINANCIAL SERV
VBL,VARUN BEVERAGES LIMITED
VEDL,VEDANTA LIMITED
VEGPROFOOD,VEGEPRO FOODS AND FEEDS L
VENKEYS,VENKY'S (INDIA) LIMITED
VENLONPOLY,VENLON POLYSTER FILM LIMITED
VENUSREM,VENUS REMEDIES LIMITED
VENUSUGAR,VENUS SUGARS LIMITED
VERTOZ,VERTOZ ADVERTISING LIMITED
VESUVIUS,VESUVIUS INDIA LIMITED
VETO,VETO SWITCHGEAR CABLE LIMITED
VGUARD,V-GUARD IND LIMITED.
VHL,VARDHMAN HOLDINGS LIMITED
VICEROY,VICEROY HOTELS LIMITED
VICKERSYS,VICKERS SYSTEMS INTL LIMITED
VICTGLASS,VICTORY GLASS & INDS LIMITED
VIDANIAGRO,VIDIANI AGROTECH LIMITED
VIDEOIND,VIDEOCON INDUSTRIES LIMIT
VIDHIING,VIDHI SPCLTY F INGRDNTS L
VIDIANIENG,VIDIANI ENGINEERS LIMITED
VIJAYABANK,VIJAYA BANK
VIJIFIN,VIJI FINANCE LIMITED
VIJSHAN,VIJAY SHANTHI BUILD LIMITED
VIKASECO,VIKAS ECOTECH LIMITED
VIKASHYB,VHEL INDUSTRIES LIMITED
VIKASMCORP,VIKAS MULTICORP LIMITED
VIKASPROP,VIKAS PROP & GRANITE LIMITED
VIKASWSP,VIKAS WSP LIMITED
VIKRAMPROJ,VIKRAM PROJECTS LIMITED
VIMALOIL,VIMAL O & F LIMITED
VIMTALABS,VIMTA LABS LIMITED
VINATIORGA,VINATI ORGANICS LIMITED
VINDHYATEL,VINDHYA TELELINKS LIMITED
VINYLINDIA,VINYL CHEMICALS (I) LIMITED.
VINYOGCLOT,VINIYOGA CLOTHEX LIMITED
VIPCLOTHNG,VIP CLOTHING LIMITED
VIPIND,VIP INDUSTRIES LIMITED
VIPPYSOLVX,VIPPY INDUSTRIES LIMITED
VIPULLTD,VIPUL LIMITED
VIRAJALLOY,VIRAJ ALLOYS LIMITED
VIRALFILA,VIRAL FILAMENTS LIMITED
VIRALSYNTX,VIRAL SYNTEX LIMITED
VISAKAIND,VISAKA INDUSTRIES LIMITED
VISASTEEL,VISA STEEL LIMITED
VISESHINFO,VISESH INFOTECNICS LIMITED
VISHAL,VISHAL FABRICS LIMITED
VISHNU,VISHNU CHEMICALS LIMITED
VISHWARAJ,VISHWARAJ SUGAR IND LIMITED
VISUINTL,VISU INTERNATIONAL LIMITED
VITALCOMM,VITAL COMMUNICATIONS LIMITED
VITARACHEM,VITARA CHEMICALS LIMITED
VIVIDHA,VISAGAR POLYTEX LIMITED
VIVIMEDLAB,VIVIMED LABS LIMITED
VKSPL,VKS PROJECTS LIMITED
VLSFINANCE,VLS FINANCE LIMITED
VMART,VMART RETAIL LIMITED
VMJOGENGG,V M JOG ENGG LIMITED
VOLTAMP,VOLTAMP TRANSFORMERS LIMITED
VOLTAS,VOLTAS LIMITED
VRLLOG,VRL LOGISTICS LIMITED
VSSL,VARDHMAN SPC STEEL LIMITED
VSTIND,VST INDUSTRIES LIMITED
VSTTILLERS,VST TILLERS TRACTORS LIMITED
VTCIND,V T C INDUSTRIES LIMITED
VTL,VARDHMAN TEXTILES LIMITED
VULCANENG,VULCAN ENGINEERS LIMITED
VXLINSTR,VXL INSTRUMENTS LIMITED
WABAG,VA TECH WABAG LIMITED
WABCOINDIA,WABCO INDIA LIMITED
WALCHANNAG,WALCHANDNAGAR INDUSTRIES
WANBURY,WANBURY LIMITED
WARRENTEA,WARREN TEA LIMITED
WATERBASE,WATERBASE LIMITED
WEBELSOLAR,WEBSOL ENERGY SYSTEM LIMITED
WEIZMANIND,WEIZMANN LIMITED
WELCORP,WELSPUN CORP LIMITED
WELDFLUX,UBE INDUSTRIES LIMITED
WELENT,WELSPUN ENTERPRISES LIMITED.
WELINV,WELSPUN INV & COMM LIMITED
WELMANINCA,WELLMAN INCANDESCENT (I)
WELSPUNIND,WELSPUN INDIA LIMITED
WELSPUNPOL,WELSPUN INDIA LIMITED
WENDT,WENDT (INDIA) LIMITED
WESTERNBIO,ECOBOARD INDUSTRIES LIMITED
WESTINDSEC,WESTERN INDIA SECURITIES
WESTLIFE,WESTLIFE DEVELOPMENT LIMITED
WHEELS,WHEELS INDIA LIMITED
WHIRLPOOL,WHIRLPOOL OF INDIA LIMITED
WIDIA,WIDIA INDIA LIMITED
WILLAMAGOR,WILLIAMSON MAGOR
WILLARDLTD,WILLARD INDIA LIMITED
WIMPLAST,WIM PLAST LIMITED
WINDMACHIN,WINDSOR MACHINES LIMITED
WINSOME,WINSOME YARNS LIMITED
WIPL,THE WESTERN INDIA PLY LIMITED
WIPRO,WIPRO LIMITED
WOCKPHARMA,WOCKHARDT LIMITED
WONDERLA,WONDERLA HOLIDAYS LIMITED.
WOOLWORTH,UNIWORTH LIMITED
WSI,W.S.INDUSTRIES (I) LIMITED.
WSIND,W S INDUSTRIES (I) LIMITED
WSTCSTPAPR,WEST COAST PAPER MILLS LT
XCHANGING,XCHANGING SOLUTIONS LIMITED
XELPMOC,XELPMOC DESIGN & TECH LIMITED
XLENERGY,XL ENERGY LIMITED
XPROINDIA,XPRO INDIA LIMITED
YESBANK,YES BANK LIMITED
YOGOPHARM,YOGI PHARMACY LIMITED
YUKENINDIA,YUKEN INDIA LIMITED
ZANDUREALT,ZANDU REALTY LIMITED
ZEEL,ZEE ENTERTAINMENT ENT LIMITED
ZEELEARN,ZEE LEARN LIMITED
ZEEMEDIA,ZEE MEDIA CORPORATION LIMITED
ZENITHBIR,ZENITH BIRLA (INDIA) LIMITED
ZENITHEXPO,ZENITH EXPORTS LIMITED
ZENITHINFO,ZENITH INFOTECH LIMITED
ZENSARTECH,ZENSAR TECHNOLOGIES  LIMITED
ZENTEC,ZEN TECHNOLOGIES LIMITED
ZFSTEERING,Z F STEERING GEAR (I) LIMITED
ZICOM,ZICOM ELECT SEC SYS LIMITED
ZILONPHARM,ZILLION PHARMACHEM LIMITED
ZODIACLOTH,ZODIAC CLOTHING CO. LIMITED.
ZODJRDMKJ,ZODIAC JRD-MKJ LIMITED
ZOTA,ZOTA HEALTH CARE LIMITED
ZUARI,ZUARI AGRO CHEMICALS LIMITED
ZUARIGLOB,ZUARI GLOBAL LIMITED
ZYDUSWELL,ZYDUS WELLNESS LIMITED
ZYLOG,ZYLOG SYSTEMS LIMITED.